Workbook

Sheet Back Data Lenvean Pit Lake
A1: Leveaniemi Pit Lake Water Quality (SWECO, 2007 & MKB2012)
C3: Leveaniemi | G3: Gruvberget | H3: Leveaniemi | J3: SVA63 | K3: Mettresk | L3: Resipient | O3: LIUKATTIJOKI | P3: LUUKAJOKI
C4: SVA49&50 | H4: GW | K4: SVA57 | L4: SVA58 | O4: SVA24 | P4: SVA13
A5: pH | C5: 7.9 | K5: 7.8 | L5: 8 | O5: 7.3 | P5: 7.1
A6: Alk | B6: mmol/l | C6: 2.3 | G6: 1.5 | H6: 2.0771429 | K6: 0.93 | L6: 0.84 | O6: 0.39 | P6: 0.41
A7: Kond. | B7: mS/l | C7: 41.8 | O7: 47 | P7: 5.2
A8: Cl | B8: mg/l | C8: 12 | G8: 8.2 | H8: 1.88 | J8: <0.10 | K8: 170 | L8: 195
A9: F | C9: 0.15 | G9: 0.17 | H9: 0.10142857 | J9: <0.10 | K9: 1.1 | L9: 1.3
A10: SO4 | B10: mg/l | C10: 68.7 | G10: 18.8 | H10: 125.84286 | J10: 1 | K10: 461 | L10: 521
A11: P-tot | B11: mg/l | C11: <0.005 | G11: 0.08 | H11: 0.030285714 | J11: 0.02 | O11: <0.007 | P11: <0.007
A12: N-tot | B12: mg/l | C12: 1.4 | G12: 11.9 | H12: 0.1255 | J12: 0.27 | K12: 8.4 | L12: 9.5 | O12: 0.92 | P12: 0.2
A13: NO3-N | B13: mg/l | C13: 0.12 | G13: 7.4 | H13: <0.23 | J13: <0.23 | K13: 7.5 | L13: 9.7 | M13: =K14/K13 -> 0.014666667 | N13: =L14/L13 -> 0.0091752577 | O13: 0.72 | P13: <0.23
A14: NH4-N | B14: mg/l | C14: <0.011 | G14: 3.33 | H14: 0.09 | J14: <0,010 | K14: 0.11 | L14: 0.089 | O14: <0.01 | P14: <0.01
A15: Ca | B15: mg/l | C15: 58.4 | G15: 35.5 | H15: 68.228571 | J15: 1.6 | K15: 174 | L15: 191
A16: As | B16: ug/l | C16: <0.055 | G16: ND | H16: 0.11575714 | J16: 0.07 | K16: 0.34 | L16: 0.59 | O16: <0.08 | P16: <0.1
A17: Ba | B17: ug/l | C17: 11.3 | G17: 17.7 | H17: 30.228571 | J17: 5.64 | K17: 37 | L17: 35.2 | O17: 12.8 | P17: 8.6
A18: Cd | B18: ug/l | C18: 0.001 | G18: 0.0033 | H18: 0.0051571429 | J18: <0.004 | K18: 0.001 | L18: 0.001 | O18: <0.004 | P18: <0.002
A19: Co | B19: ug/l | C19: 0.27 | G19: 0.34 | H19: 0.13457143 | J19: 0.14 | K19: 0.272 | L19: 0.291 | O19: 0.1 | P19: 0.06
A20: Cr | B20: ug/l | C20: 0.003 | G20: 0.04 | H20: 0.33601429 | J20: 0.26 | K20: 0.0506 | L20: 0.0495 | O20: 1 | P20: 0.31
A21: Cu | B21: ug/l | C21: 8.8 | G21: 4.4 | H21: 0.18128571 | J21: 0.51 | K21: 2.07 | L21: 2.17 | O21: 0.23 | P21: 0.13
A22: Hg | B22: ug/l | C22: <0.002 | G22: ND | H22: nd | J22: <0.002 | K22: <0.002 | L22: <0.002 | O22: <0.002 | P22: <0.002
A23: Mo | B23: ug/l | C23: 3.6 | G23: 4.6 | H23: 0.944 | J23: <0.05 | K23: 19.2 | L23: 22.7 | O23: 1 | P23: 0.31
A24: Ni | B24: ug/l | C24: 0.84 | G24: 0.19 | H24: 0.80142857 | J24: 0.41 | K24: 1.07 | L24: 1.07 | O24: 0.23 | P24: 0.13
A25: Pb | B25: ug/l | C25: <0.01 | G25: ND | H25: <0.01 | J25: 0.025 | K25: <0.01 | L25: <0.01 | O25: 0.02 | P25: 0.02
A26: Sr | B26: ug/l | C26: 74 | G26: ND | H26: 167 | J26: na | K26: na | L26: na | O26: 52 | P26: 12.5
A27: V | B27: ug/l | C27: 2.1 | G27: 1.18 | H27: 0.35827143 | J27: 0.2 | K27: 0.47 | L27: 2.57 | O27: 0.08 | P27: 0.07
A28: Zn | B28: ug/l | C28: 1.5 | G28: 1.31 | H28: 2.7977143 | J28: 2.6 | K28: 0.93 | L28: 0.95 | O28: 2.8 | P28: 1
A29: Mg | B29: mg/l | C29: 10.1 | G29: 4.02 | H29: 14.381429 | K29: 21 | L29: 21
A30: Na | B30: mg/l | C30: 7.4 | G30: 9.67 | H30: 10.958571 | K30: 106 | L30: 115
A31: K | B31: mg/l | C31: 7.1 | G31: 3.77 | H31: 10.721429 | K31: 45 | L31: 49
A32: Mn | B32: ug/l | H32: 373.78
A33: Fe | B33: ug/l | H33: 0.0199
K34: 0.013 | L34: <0.002
A35: Waste Rock Leaching data
D36: Leptite | G36: Diabase | J36: Biotiteskifer | L36: Inert Avfall
C37: 0 | D37: 2 | E37: 10 | F37: 0 | G37: 2 | H37: 10 | I37: 0 | J37: 2 | K37: 10 | L37: L/S 2 | M37: L/S10
A38: TS efter siktning | D38: 99.8 | E38: 99.8 | G38: 99.8 | H38: 99.8 | J38: 99.6 | K38: 99.6
A39: Invegning | B39: g | D39: 175.4 | E39: 175.4 | G39: 175.4 | H39: 175.4 | J39: 175.7 | K39: 175.7
A40: Volym efter filtr. L/S2 | B40: ml | D40: 294 | G40: 300 | J40: 298
A41: Volym tilsatt | B41: ml | D41: 350 | E41: 1400 | G41: 350 | H41: 1400 | J41: 349 | K41: 1400
A42: As | B42: mg/kg | C42: 0 | D42: <0.002 | E42: <0.01 | F42: 0 | G42: <0.002 | H42: <0.01 | I42: 0 | J42: <0.002 | K42: <0.01 | L42: 0.1 | M42: 0.54
A43: Ba | B43: mg/kg | C43: 0 | D43: 0.111 | E43: 0.2 | F43: 0 | G43: 0.0474 | H43: 0.16 | I43: 0 | J43: 0.0326 | K43: 0.121 | L43: 7 | M43: 20
A44: Cd | B44: mg/kg | C44: 0 | D44: <0.0001 | E44: <0.0005 | F44: 0 | G44: <0.0001 | H44: <0.0005 | I44: 0 | J44: <0.0001 | K44: <0.0005 | L44: 0.03 | M44: 0.04
A45: Cr | B45: mg/kg | C45: 0 | D45: 0.00348 | E45: <0.007 | F45: 0 | G45: <0.001 | H45: <0.005 | I45: 0 | J45: <0.001 | K45: <0.005 | L45: 0.2 | M45: 0.5
A46: Cu | B46: mg/kg | C46: 0 | D46: 0.023 | E46: 0.0439 | F46: 0 | G46: 0.0388 | H46: 0.0732 | I46: 0 | J46: 0.035 | K46: 0.0834 | L46: 0.9 | M46: 2
A47: Hg | B47: mg/kg | C47: 0 | D47: <0.00004 | E47: <0.0002 | F47: 0 | G47: <0.00004 | H47: <0.0002 | I47: 0 | J47: <0.00004 | K47: <0.0002 | L47: 0.003 | M47: 0.01
A48: Mo | B48: mg/kg | C48: 0 | D48: 0.00141 | E48: <0.005 | F48: 0 | G48: 0.00117 | H48: <0.005 | I48: 0 | J48: 0.00234 | K48: <0.006 | L48: 0.3 | M48: 0.5
A49: Ni | B49: mg/kg | C49: 0 | D49: 0.00986 | E49: 0.0169 | F49: 0 | G49: 0.00408 | H49: 0.00969 | I49: 0 | J49: 0.00187 | K49: 0.00686 | L49: 0.2 | M49: 0.4
A50: Pb | B50: mg/kg | C50: 0 | D50: 0.000814 | E50: <0.002 | F50: 0 | G50: 0.0005 | H50: <0.002 | I50: 0 | J50: <0.0004 | K50: <0.002 | L50: 0.2 | M50: 0.5
A51: Sb | B51: mg/kg | C51: 0 | D51: 0.000956 | E51: 0.00211 | F51: 0 | G51: 0.00117 | H51: 0.0029 | I51: 0 | J51: 0.00145 | K51: 0.0031 | L51: 0.02 | M51: 0.06
A52: Se | B52: mg/kg | C52: 0 | D52: 0.000364 | E52: 0.00116 | F52: 0 | G52: 0.00358 | H52: 0.00657 | I52: 0 | J52: 0.000748 | K52: 0.00211 | L52: 0.06 | M52: 0.1
A53: Zn | B53: mg/kg | C53: 0 | D53: <0.004 | E53: <0.02 | F53: 0 | G53: <0.004 | H53: <0.02 | I53: 0 | J53: <0.004 | K53: <0.02 | L53: 2 | M53: 4
A54: pH | B54: mS/m | C54: 0 | D54: 10 | E54: 9.8 | F54: 0 | G54: 9.8 | H54: 9.7 | I54: 0 | J54: 9.3 | K54: 9.5
A55: Kond. | B55: mg/kg | C55: 0 | D55: 17.9 | E55: 7.4 | F55: 0 | G55: 14.1 | H55: 5.9 | I55: 0 | J55: 11.1 | K55: 5.4
A56: DOC | B56: mg/kg | C56: 0 | D56: 24 | E56: 34.3 | F56: 0 | G56: 20 | H56: <25 | I56: 0 | J56: 40 | K56: 62.3
A57: Cl | B57: mg/kg | C57: 0 | D57: 16.2 | E57: 19.5 | F57: 0 | G57: 10 | H57: <14 | I57: 0 | J57: 6.4 | K57: <10 | L57: 550 | M57: 800
A58: F | B58: mg/kg | C58: 0 | D58: <0.3 | E58: <2 | F58: 0 | G58: <0.3 | H58: <2 | I58: 0 | J58: <0.3 | K58: <2 | L58: 4 | M58: 10
A59: SO4 | B59: mg/kg | C59: 0 | D59: 10.4 | E59: 17.1 | F59: 0 | G59: 14 | H59: 20.3 | I59: 0 | J59: 14.8 | K59: 21.7 | L59: 560 | M59: 1000
C102: Leveäniemi | D102: Gruvberget | E102: Leveäniemi | F102: SVA63 | G102: Metträsk | H102: Resipient dam | I102: Mertainen Gruvberget | J102: Leveaniemi 75 um | K102: Kiruna
C103: SVA49&50 Lakewater | D103: Surface water | E103: Ground-water | F103: SE & SW Ditch | G103: SVA57 Discharge water | H103: SVA58 | I103: kg/Mton | J103: kg/Mton | K103: kg/Mton
A104: pH | C104: 7.9 | G104: 7.8 | H104: 8
A105: Alk | B105: mmol/l | C105: 2.3 | D105: 1.5 | E105: 2.0771429 | G105: 0.93 | H105: 0.84
A106: Kond. | B106: mS/l | C106: 41.8
A107: Cl | B107: mg/l | C107: 12 | D107: 8.2 | E107: 1.88 | F107: <0.10 | G107: 170 | H107: 195 | I107: 110888.89 | J107: 154444.44 | K107: 285406.3
A108: F | C108: 0.15 | D108: 0.17 | E108: 0.10142857 | F108: <0.10 | G108: 1.1 | H108: 1.3 | I108: 1615.5556 | J108: 2224.4444 | K108: 17754.127
A109: SO4 | B109: mg/l | C109: 68.7 | D109: 18.8 | E109: 125.84286 | F109: 1 | G109: 461 | H109: 521 | I109: 269333.33 | J109: 260000 | K109: 1653905.5
A110: P-tot | B110: mg/l | C110: <0.005 | D110: 0.08 | E110: 0.030285714 | F110: 0.02 | I110: 79.333333 | J110: 315.55556 | K110: 96.909432
A111: N-tot | B111: mg/l | C111: 1.4 | D111: 11.9 | E111: 0.1255 | F111: 0.27 | G111: 8.4 | H111: 9.5
A112: NO3-N | B112: mg/l | C112: 0.12 | D112: 7.4 | E112: <0.23 | F112: <0.23 | G112: 7.5 | H112: 9.7 | I112: 3393.3333 | J112: na | K112: 17277.505
A113: NH4-N | B113: mg/l | C113: <0.011 | D113: 3.33 | E113: 0.09 | F113: <0,010 | G113: 0.11 | H113: 0.089 | I113: 598.48746 | J113: na | K113: 3047.2604
A114: Ca | B114: mg/l | C114: 58.4 | D114: 35.5 | E114: 68.228571 | F114: 1.6 | G114: 174 | H114: 191 | I114: 83777.778 | J114: 141777.78 | K114: 581425.8
A115: As | B115: ug/l | C115: <0.055 | D115: ND | E115: 0.11575714 | F115: 0.07 | G115: 0.34 | H115: 0.59 | I115: 38.666667 | J115: 12.511111 | K115: 12.994962
A116: Ba | B116: ug/l | C116: 11.3 | D116: 17.7 | E116: 30.228571 | F116: 5.64 | G116: 37 | H116: 35.2 | I116: 65.977778 | J116: 39.2 | K116: 216.35458
A117: Cd | B117: ug/l | C117: 0.001 | D117: 0.0033 | E117: 0.0051571429 | F117: <0.004 | G117: 0.001 | H117: 0.001 | I117: 0.046666667 | J117: 0.069555556 | K117: 0.11079311
A118: Co | B118: ug/l | C118: 0.27 | D118: 0.34 | E118: 0.13457143 | F118: 0.14 | G118: 0.272 | H118: 0.291 | I118: 0.067777778 | J118: 0.10688889 | K118: 0.28266134
A119: Cr | B119: ug/l | C119: 0.003 | D119: 0.04 | E119: 0.33601429 | F119: 0.26 | G119: 0.0506 | H119: 0.0495 | I119: 0.67333333 | J119: 0.16311111 | K119: 0.24402618
A120: Cu | B120: ug/l | C120: 8.8 | D120: 4.4 | E120: 0.18128571 | F120: 0.51 | G120: 2.07 | H120: 2.17 | I120: 9.5777778 | J120: 1.3577778 | K120: 11.667709
A121: Hg | B121: ug/l | C121: <0.002 | D121: ND | E121: nd | F121: <0.002 | G121: <0.002 | H121: <0.002 | I121: nd | J121: 0.19266667 | K121: nd
A122: Mo | B122: ug/l | C122: 3.6 | D122: 4.6 | E122: 0.944 | F122: <0.05 | G122: 19.2 | H122: 22.7 | I122: 20.2 | J122: 22.955556 | K122: 133.56261
A123: Ni | B123: ug/l | C123: 0.84 | D123: 0.19 | E123: 0.80142857 | F123: 0.41 | G123: 1.07 | H123: 1.07 | I123: 0.435 | J123: 0.63133333 | K123: 1.1738667
A124: Pb | B124: ug/l | C124: <0.01 | D124: ND | E124: <0.01 | F124: 0.025 | G124: <0.01 | H124: <0.01 | I124: 0.045666667 | J124: 0 | K124: nd
A125: Sr | B125: ug/l | C125: 74 | D125: ND | E125: 167 | F125: na | G125: na | H125: na
A126: V | B126: ug/l | C126: 2.1 | D126: 1.18 | E126: 0.35827143 | F126: 0.2 | G126: 0.47 | H126: 2.57
A127: Zn | B127: ug/l | C127: 1.5 | D127: 1.31 | E127: 2.7977143 | F127: 2.6 | G127: 0.93 | H127: 0.95 | I127: 9.4311111 | J127: 5.3066667 | K127: 150.4544
A128: Mg | B128: mg/l | C128: 10.1 | D128: 4.02 | E128: 14.381429 | G128: 21 | H128: 21 | I128: 4773.3333 | J128: 37066.667 | K128: 82388.121
A129: Na | B129: mg/l | C129: 7.4 | D129: 9.67 | E129: 10.958571 | G129: 106 | H129: 115 | I129: 104666.67 | J129: 34377.778 | K129: 170658.78
A130: K | B130: mg/l | C130: 7.1 | D130: 3.77 | E130: 10.721429 | G130: 45 | H130: 49 | I130: 59688.889 | J130: 39266.667 | K130: 233647.31
A131: Mn | B131: ug/l | E131: 373.78
A132: Fe | B132: ug/l | E132: 0.0199

Sheet Hist modellering
C2: Lake copper con. | D2: Copper add/year | E2: Lake volume | F2: Lake volume | G2: Yearly addition | H2: Net Rainwater | I2: Ground water contribution | J2: Groundwater | K2: surface leaching | L2: surface area for leaching | M2: Leaching | N2: ground water
A3: # years | B3: ÅR | D3: ug/l | E3: Mm3 | F3: m3 | G3: m3/year | H3: m3/year | I3: kg/year | J3: m3/year | K3: kg/year | L3: m2 | M3: mg/m2/year | N3: ug/l
A4: 29 | B4: 2012 | C4: =(D4*G4+D5*F5)/F4 -> 7.8780934 | D4: =(K4+I4)*1000/G4*1000 -> 7.4379756 | E4: =F4/1000000 -> 31.22064 | F4: =F5+H4+J4 -> 31220640 | G4: =H4+J4 -> 756864 | H4: =6*60*60*24*365/1000 -> 189216 | I4: =J4*1000*$N$4/1000000000 -> 0.567648 | J4: =18*60*60*24*365/1000 -> 567648 | K4: =L4*$M$4/1000000 -> 5.061888 | L4: 281216 | M4: 18 | N4: 1
A5: =A4-1 -> 28 | B5: =B4-1 -> 2011 | C5: =(D5*G5+D6*F6)/F5 -> 8.3069667 | D5: =(K5+I5)*1000/G5*1000 -> 7.889028 | E5: =F5/1000000 -> 30.463776 | F5: =F6+H5+J5 -> 30463776 | G5: =H5+J5 -> 776438.07 | H5: =H4 -> 189216 | I5: =J5*1000*$N$4/1000000000 -> 0.58722207 | J5: =J4+(J$33-J$4)/29 -> 587222.07 | K5: =L5*$M$4/1000000 -> 5.5381196 | L5: =L4+(L$33-L$4)/29 -> 307673.31
A6: =A5-1 -> 27 | B6: =B5-1 -> 2010 | C6: =(D6*G6+D7*F7)/F6 -> 8.7152337 | D6: =(K6+I6)*1000/G6*1000 -> 8.3178974 | E6: =F6/1000000 -> 29.687338 | F6: =F7+H6+J6 -> 29687338 | G6: =H6+J6 -> 796012.14 | H6: =H5 -> 189216 | I6: =J6*1000*$N$4/1000000000 -> 0.60679614 | J6: =J5+(J$33-J$4)/29 -> 606796.14 | K6: =L6*$M$4/1000000 -> 6.0143512 | L6: =L5+(L$33-L$4)/29 -> 334130.62
A7: =A6-1 -> 26 | B7: =B6-1 -> 2009 | C7: =(D7*G7+D8*F8)/F7 -> 9.1043412 | D7: =(K7+I7)*1000/G7*1000 -> 8.7261811 | E7: =F7/1000000 -> 28.891326 | F7: =F8+H7+J7 -> 28891326 | G7: =H7+J7 -> 815586.21 | H7: =H6 -> 189216 | I7: =J7*1000*$N$4/1000000000 -> 0.62637021 | J7: =J6+(J$33-J$4)/29 -> 626370.21 | K7: =L7*$M$4/1000000 -> 6.4905828 | L7: =L6+(L$33-L$4)/29 -> 360587.93
A8: =A7-1 -> 25 | B8: =B7-1 -> 2008 | C8: =(D8*G8+D9*F9)/F8 -> 9.4756029 | D8: =(K8+I8)*1000/G8*1000 -> 9.1153265 | E8: =F8/1000000 -> 28.07574 | F8: =F9+H8+J8 -> 28075740 | G8: =H8+J8 -> 835160.28 | H8: =H7 -> 189216 | I8: =J8*1000*$N$4/1000000000 -> 0.64594428 | J8: =J7+(J$33-J$4)/29 -> 645944.28 | K8: =L8*$M$4/1000000 -> 6.9668143 | L8: =L7+(L$33-L$4)/29 -> 387045.24
A9: =A8-1 -> 24 | B9: =B8-1 -> 2007 | C9: =(D9*G9+D10*F10)/F9 -> 9.8302147 | D9: =(K9+I9)*1000/G9*1000 -> 9.4866485 | E9: =F9/1000000 -> 27.240579 | F9: =F10+H9+J9 -> 27240579 | G9: =H9+J9 -> 854734.34 | H9: =H8 -> 189216 | I9: =J9*1000*$N$4/1000000000 -> 0.66551834 | J9: =J8+(J$33-J$4)/29 -> 665518.34 | K9: =L9*$M$4/1000000 -> 7.4430459 | L9: =L8+(L$33-L$4)/29 -> 413502.55
A10: =A9-1 -> 23 | B10: =B9-1 -> 2006 | C10: =(D10*G10+D11*F11)/F10 -> 10.169267 | D10: =(K10+I10)*1000/G10*1000 -> 9.8413441 | E10: =F10/1000000 -> 26.385845 | F10: =F11+H10+J10 -> 26385845 | G10: =H10+J10 -> 874308.41 | H10: =H9 -> 189216 | I10: =J10*1000*$N$4/1000000000 -> 0.68509241 | J10: =J9+(J$33-J$4)/29 -> 685092.41 | K10: =L10*$M$4/1000000 -> 7.9192775 | L10: =L9+(L$33-L$4)/29 -> 439959.86
A11: =A10-1 -> 22 | B11: =B10-1 -> 2005 | C11: =(D11*G11+D12*F12)/F11 -> 10.493757 | D11: =(K11+I11)*1000/G11*1000 -> 10.180506 | E11: =F11/1000000 -> 25.511537 | F11: =F12+H11+J11 -> 25511537 | G11: =H11+J11 -> 893882.48 | H11: =H10 -> 189216 | I11: =J11*1000*$N$4/1000000000 -> 0.70466648 | J11: =J10+(J$33-J$4)/29 -> 704666.48 | K11: =L11*$M$4/1000000 -> 8.3955091 | L11: =L10+(L$33-L$4)/29 -> 466417.17
A12: =A11-1 -> 21 | B12: =B11-1 -> 2004 | C12: =(D12*G12+D13*F13)/F12 -> 10.804597 | D12: =(K12+I12)*1000/G12*1000 -> 10.505132 | E12: =F12/1000000 -> 24.617654 | F12: =F13+H12+J12 -> 24617654 | G12: =H12+J12 -> 913456.55 | H12: =H11 -> 189216 | I12: =J12*1000*$N$4/1000000000 -> 0.72424055 | J12: =J11+(J$33-J$4)/29 -> 724240.55 | K12: =L12*$M$4/1000000 -> 8.8717407 | L12: =L11+(L$33-L$4)/29 -> 492874.48
A13: =A12-1 -> 20 | B13: =B12-1 -> 2003 | C13: =(D13*G13+D14*F14)/F13 -> 11.102623 | D13: =(K13+I13)*1000/G13*1000 -> 10.816137 | E13: =F13/1000000 -> 23.704198 | F13: =F14+H13+J13 -> 23704198 | G13: =H13+J13 -> 933030.62 | H13: =H12 -> 189216 | I13: =J13*1000*$N$4/1000000000 -> 0.74381462 | J13: =J12+(J$33-J$4)/29 -> 743814.62 | K13: =L13*$M$4/1000000 -> 9.3479723 | L13: =L12+(L$33-L$4)/29 -> 519331.79
A14: =A13-1 -> 19 | B14: =B13-1 -> 2002 | C14: =(D14*G14+D15*F15)/F14 -> 11.388603 | D14: =(K14+I14)*1000/G14*1000 -> 11.114361 | E14: =F14/1000000 -> 22.771167 | F14: =F15+H14+J14 -> 22771167 | G14: =H14+J14 -> 952604.69 | H14: =H13 -> 189216 | I14: =J14*1000*$N$4/1000000000 -> 0.76338869 | J14: =J13+(J$33-J$4)/29 -> 763388.69 | K14: =L14*$M$4/1000000 -> 9.8242039 | L14: =L13+(L$33-L$4)/29 -> 545789.1
A15: =A14-1 -> 18 | B15: =B14-1 -> 2001 | C15: =(D15*G15+D16*F16)/F15 -> 11.663244 | D15: =(K15+I15)*1000/G15*1000 -> 11.400576 | E15: =F15/1000000 -> 21.818562 | F15: =F16+H15+J15 -> 21818562 | G15: =H15+J15 -> 972178.76 | H15: =H14 -> 189216 | I15: =J15*1000*$N$4/1000000000 -> 0.78296276 | J15: =J14+(J$33-J$4)/29 -> 782962.76 | K15: =L15*$M$4/1000000 -> 10.300435 | L15: =L14+(L$33-L$4)/29 -> 572246.41
A16: =A15-1 -> 17 | B16: =B15-1 -> 2000 | C16: =(D16*G16+D17*F17)/F16 -> 11.927196 | D16: =(K16+I16)*1000/G16*1000 -> 11.675494 | E16: =F16/1000000 -> 20.846383 | F16: =F17+H16+J16 -> 20846383 | G16: =H16+J16 -> 991752.83 | H16: =H15 -> 189216 | I16: =J16*1000*$N$4/1000000000 -> 0.80253683 | J16: =J15+(J$33-J$4)/29 -> 802536.83 | K16: =L16*$M$4/1000000 -> 10.776667 | L16: =L15+(L$33-L$4)/29 -> 598703.72
... A30: =A29-1 -> 3 | B30: =B29-1 -> 1986 | C30: =(D30*G30+D31*F31)/F30 -> 14.754673 | D30: =(K30+I30)*1000/G30*1000 -> 14.631563 | E30: =F30/1000000 -> 5.1806036 | F30: =F31+H30+J30 -> 5180603.6 | G30: =H30+J30 -> 1265789.8 | H30: =H29 -> 189216 | I30: =J30*1000*$N$4/1000000000 -> 1.0765738 | J30: =J29+(J$33-J$4)/29 -> 1076573.8 | K30: =L30*$M$4/1000000 -> 17.443909 | L30: =L29+(L$33-L$4)/29 -> 969106.07
A31: =A30-1 -> 2 | B31: =B30-1 -> 1985 | C31: =(D31*G31+D32*F32)/F31 -> 14.900622 | D31: =(K31+I31)*1000/G31*1000 -> 14.794479 | E31: =F31/1000000 -> 3.9148138 | F31: =F32+H31+J31 -> 3914813.8 | G31: =H31+J31 -> 1285363.9 | H31: =H30 -> 189216 | I31: =J31*1000*$N$4/1000000000 -> 1.0961479 | J31: =J30+(J$33-J$4)/29 -> 1096147.9 | K31: =L31*$M$4/1000000 -> 17.920141 | L31: =L30+(L$33-L$4)/29 -> 995563.38 | M31: 2932848 | N31: Grundvatten - bottom nytt Leveniemi, Bergab2012
A32: =A31-1 -> 1 | B32: =B31-1 -> 1984 | C32: =(D32*G32+D33*G33)/F32 -> 15.029757 | D32: =(K32+I32)*1000/G32*1000 -> 14.952508 | E32: =F32/1000000 -> 2.6294499 | F32: =F33+H32+J32 -> 2629449.9 | G32: =H32+J32 -> 1304937.9 | H32: =H31 -> 189216 | I32: =J32*1000*$N$4/1000000000 -> 1.1157219 | J32: =J31+(J$33-J$4)/29 -> 1115721.9 | K32: =L32*$M$4/1000000 -> 18.396372 | L32: =L31+(L$33-L$4)/29 -> 1022020.7 | M32: 388592 | N32: Regnvann SWECO 2012
A33: =A32-1 -> 0 | B33: =B32-1 -> 1983 | C33: =D33 -> 15.105865 | D33: =(K33+I33)*1000000/F33 -> 15.105865 | E33: =F33/1000000 -> 1.324512 | F33: =H33+J33 -> 1324512 | G33: =H33+J33 -> 1324512 | H33: =H32 -> 189216 | I33: =J33*1000*$N$4/1000000000 -> 1.135296 | J33: =M34 -> 1135296 | K33: =L33*$M$4/1000000 -> 18.872604 | L33: 1048478 | M33: =6*60*60*24*365/1000 -> 189216 | N33: Regnvann Miljøbyrån 2010
M34: =36*60*60*24*365/1000 -> 1135296 | N34: Grundvatten 1983 - Miljøbyrån 2010
B35: 2020 | J35: 2932848 | L35: 1129047 | M35: =18*60*60*24*365/1000 -> 567648 | N35: Grundvatten 2010 - Miljøbyrån 2010
L36: 1048478
B37: 2932848
C83: Lake Ni con. | D83: Nickle add/year | E83: Lake volume | F83: Lake volume | G83: Yearly addition | H83: Net Rainwater | I83: Ground water contribution | J83: Groundwater | K83: surface leaching | L83: surface area for leaching | M83: Leaching | N83: ground water | O83: PIT WATER 2007
A84: # years | B84: ÅR | D84: ug/l | E84: Mm3 | F84: m3 | G84: m3/year | H84: m3/year | I84: kg/year | J84: m3/year | K84: kg/year | L84: m2 | M84: mg/m2/year | N84: ug/l
A85: 29 | B85: 2012 | C85: =(D85*G85+D86*F86)/F85 -> 0.83845492 | D85: =(K85+I85)*1000/G85*1000 -> 0.78776383 | E85: =F85/1000000 -> 31.22064 | F85: =F86+H85+J85 -> 31220640 | G85: =H85+J85 -> 756864 | H85: =6*60*60*24*365/1000 -> 189216 | I85: =J85*1000*$N$85/1000000000 -> 0.00567648 | J85: =18*60*60*24*365/1000 -> 567648 | K85: =L85*M$85/1000000 -> 0.5905536 | L85: 281216 | M85: 2.1 | N85: 0.01 | O85: 0.1
A86: =A85-1 -> 28 | B86: =B85-1 -> 2011 | C86: =(D86*G86+D87*F87)/F86 -> 0.88785093 | D86: =(K86+I86)*1000/G86*1000 -> 0.83971433 | E86: =F86/1000000 -> 30.463776 | F86: =F87+H86+J86 -> 30463776 | G86: =H86+J86 -> 776438.07 | H86: =H85 -> 189216 | I86: =J86*1000*$N$85/1000000000 -> 0.0058722207 | J86: =J85+(J$33-J$4)/29 -> 587222.07 | K86: =L86*M$85/1000000 -> 0.64611395 | L86: =L85+(L$33-L$4)/29 -> 307673.31
A87: =A86-1 -> 27 | B87: =B86-1 -> 2010 | C87: =(D87*G87+D88*F88)/F87 -> 0.93487359 | D87: =(K87+I87)*1000/G87*1000 -> 0.88910989 | E87: =F87/1000000 -> 29.687338 | F87: =F88+H87+J87 -> 29687338 | G87: =H87+J87 -> 796012.14 | H87: =H86 -> 189216 | I87: =J87*1000*$N$85/1000000000 -> 0.0060679614 | J87: =J86+(J$33-J$4)/29 -> 606796.14 | K87: =L87*M$85/1000000 -> 0.7016743 | L87: =L86+(L$33-L$4)/29 -> 334130.62
A88: =A87-1 -> 26 | B88: =B87-1 -> 2009 | C88: =(D88*G88+D89*F89)/F88 -> 0.97968951 | D88: =(K88+I88)*1000/G88*1000 -> 0.93613446 | E88: =F88/1000000 -> 28.891326 | F88: =F89+H88+J88 -> 28891326 | G88: =H88+J88 -> 815586.21 | H88: =H87 -> 189216 | I88: =J88*1000*$N$85/1000000000 -> 0.0062637021 | J88: =J87+(J$33-J$4)/29 -> 626370.21 | K88: =L88*M$85/1000000 -> 0.75723466 | L88: =L87+(L$33-L$4)/29 -> 360587.93
A89: =A88-1 -> 25 | B89: =B88-1 -> 2008 | C89: =(D89*G89+D90*F90)/F89 -> 1.02245 | D89: =(K89+I89)*1000/G89*1000 -> 0.98095476 | E89: =F89/1000000 -> 28.07574 | F89: =F90+H89+J89 -> 28075740 | G89: =H89+J89 -> 835160.28 | H89: =H88 -> 189216 | I89: =J89*1000*$N$85/1000000000 -> 0.0064594428 | J89: =J88+(J$33-J$4)/29 -> 645944.28 | K89: =L89*M$85/1000000 -> 0.81279501 | L89: =L88+(L$33-L$4)/29 -> 387045.24
A90: =A89-1 -> 24 | B90: =B89-1 -> 2007 | C90: =(D90*G90+D91*F91)/F90 -> 1.0632929 | D90: =(K90+I90)*1000/G90*1000 -> 1.0237222 | E90: =F90/1000000 -> 27.240579 | F90: =F91+H90+J90 -> 27240579 | G90: =H90+J90 -> 854734.34 | H90: =H89 -> 189216 | I90: =J90*1000*$N$85/1000000000 -> 0.0066551834 | J90: =J89+(J$33-J$4)/29 -> 665518.34 | K90: =L90*M$85/1000000 -> 0.86835536 | L90: =L89+(L$33-L$4)/29 -> 413502.55 | M90: 20 | N90: 68.2 | O90: 58.4 | P90: Ca
A91: =A90-1 -> 23 | B91: =B90-1 -> 2006 | C91: =(D91*G91+D92*F92)/F91 -> 1.1023437 | D91: =(K91+I91)*1000/G91*1000 -> 1.0645747 | E91: =F91/1000000 -> 26.385845 | F91: =F92+H91+J91 -> 26385845 | G91: =H91+J91 -> 874308.41 | H91: =H90 -> 189216 | I91: =J91*1000*$N$85/1000000000 -> 0.0068509241 | J91: =J90+(J$33-J$4)/29 -> 685092.41 | K91: =L91*M$85/1000000 -> 0.92391571 | L91: =L90+(L$33-L$4)/29 -> 439959.86 | M91: 0 | N91: 126 | O91: 68.7 | P91: SO4
A92: =A91-1 -> 22 | B92: =B91-1 -> 2005 | C92: =(D92*G92+D93*F93)/F92 -> 1.1397172 | D92: =(K92+I92)*1000/G92*1000 -> 1.1036381 | E92: =F92/1000000 -> 25.511537 | F92: =F93+H92+J92 -> 25511537 | G92: =H92+J92 -> 893882.48 | H92: =H91 -> 189216 | I92: =J92*1000*$N$85/1000000000 -> 0.0070466648 | J92: =J91+(J$33-J$4)/29 -> 704666.48 | K92: =L92*M$85/1000000 -> 0.97947606 | L92: =L91+(L$33-L$4)/29 -> 466417.17 | M92: 27 | N92: 1.88 | O92: 12 | P92: Cl
A93: =A92-1 -> 21 | B93: =B92-1 -> 2004 | C93: =(D93*G93+D94*F94)/F93 -> 1.1755185 | D93: =(K93+I93)*1000/G93*1000 -> 1.1410273 | E93: =F93/1000000 -> 24.617654 | F93: =F94+H93+J93 -> 24617654 | G93: =H93+J93 -> 913456.55 | H93: =H92 -> 189216 | I93: =J93*1000*$N$85/1000000000 -> 0.0072424055 | J93: =J92+(J$33-J$4)/29 -> 724240.55 | K93: =L93*M$85/1000000 -> 1.0350364 | L93: =L92+(L$33-L$4)/29 -> 492874.48 | M93: 19 | N93: 0.18 | O93: 7.7 | P93: Cu
A94: =A93-1 -> 20 | B94: =B93-1 -> 2003 | C94: =(D94*G94+D95*F95)/F94 -> 1.209844 | D94: =(K94+I94)*1000/G94*1000 -> 1.1768477 | E94: =F94/1000000 -> 23.704198 | F94: =F95+H94+J94 -> 23704198 | G94: =H94+J94 -> 933030.62 | H94: =H93 -> 189216 | I94: =J94*1000*$N$85/1000000000 -> 0.0074381462 | J94: =J93+(J$33-J$4)/29 -> 743814.62 | K94: =L94*M$85/1000000 -> 1.0905968 | L94: =L93+(L$33-L$4)/29 -> 519331.79 | M94: 1.4 | N94: 0.38 | O94: 0.84 | P94: Ni
A95: =A94-1 -> 19 | B95: =B94-1 -> 2002 | C95: =(D95*G95+D96*F96)/F95 -> 1.2427821 | D95: =(K95+I95)*1000/G95*1000 -> 1.211196 | E95: =F95/1000000 -> 22.771167 | F95: =F96+H95+J95 -> 22771167 | G95: =H95+J95 -> 952604.69 | H95: =H94 -> 189216 | I95: =J95*1000*$N$85/1000000000 -> 0.0076338869 | J95: =J94+(J$33-J$4)/29 -> 763388.69 | K95: =L95*M$85/1000000 -> 1.1461571 | L95: =L94+(L$33-L$4)/29 -> 545789.1 | M95: 0.01 | N95: 0.27 | O95: 0.13 | P95: Co
A96: =A95-1 -> 18 | B96: =B95-1 -> 2001 | C96: =(D96*G96+D97*F97)/F96 -> 1.2744143 | D96: =(K96+I96)*1000/G96*1000 -> 1.2441612 | E96: =F96/1000000 -> 21.818562 | F96: =F97+H96+J96 -> 21818562 | G96: =H96+J96 -> 972178.76 | H96: =H95 -> 189216 | I96: =J96*1000*$N$85/1000000000 -> 0.0078296276 | J96: =J95+(J$33-J$4)/29 -> 782962.76 | K96: =L96*M$85/1000000 -> 1.2017175 | L96: =L95+(L$33-L$4)/29 -> 572246.41 | M96: 0.01 | N96: 2.8 | O96: 1.5 | P96: Zn
A97: =A96-1 -> 17 | B97: =B96-1 -> 2000 | C97: =(D97*G97+D98*F98)/F97 -> 1.3048153 | D97: =(K97+I97)*1000/G97*1000 -> 1.2758251 | E97: =F97/1000000 -> 20.846383 | F97: =F98+H97+J97 -> 20846383 | G97: =H97+J97 -> 991752.83 | H97: =H96 -> 189216 | I97: =J97*1000*$N$85/1000000000 -> 0.0080253683 | J97: =J96+(J$33-J$4)/29 -> 802536.83 | K97: =L97*M$85/1000000 -> 1.2572778 | L97: =L96+(L$33-L$4)/29 -> 598703.72 | M97: 7.5 | N97: 0.94 | O97: 3.6 | P97: Mo
A98: =A97-1 -> 16 | B98: =B97-1 -> 1999 | C98: =(D98*G98+D99*F99)/F98 -> 1.3340542 | D98: =(K98+I98)*1000/G98*1000 -> 1.3062634 | E98: =F98/1000000 -> 19.854631 | F98: =F99+H98+J98 -> 19854631 | G98: =H98+J98 -> 1011326.9 | H98: =H97 -> 189216 | I98: =J98*1000*$N$85/1000000000 -> 0.008221109 | J98: =J97+(J$33-J$4)/29 -> 822110.9 | K98: =L98*M$85/1000000 -> 1.3128382 | L98: =L97+(L$33-L$4)/29 -> 625161.03 | M98: 0.2 | N98: 0.02 | O98: 0.005 | P98: Po4-P
A99: =A98-1 -> 15 | B99: =B98-1 -> 1998 | C99: =(D99*G99+D100*F100)/F99 -> 1.3621945 | D99: =(K99+I99)*1000/G99*1000 -> 1.3355457 | E99: =F99/1000000 -> 18.843304 | F99: =F100+H99+J99 -> 18843304 | G99: =H99+J99 -> 1030901 | H99: =H98 -> 189216 | I99: =J99*1000*$N$85/1000000000 -> 0.0084168497 | J99: =J98+(J$33-J$4)/29 -> 841684.97 | K99: =L99*M$85/1000000 -> 1.3683985 | L99: =L98+(L$33-L$4)/29 -> 651618.34 | N99: 0.11 | O99: <0.055 | P99: As
A100: =A99-1 -> 14 | B100: =B99-1 -> 1997 | C100: =(D100*G100+D101*F101)/F100 -> 1.3892948 | D100: =(K100+I100)*1000/G100*1000 -> 1.3637368 | E100: =F100/1000000 -> 17.812403 | F100: =F101+H100+J100 -> 17812403 | G100: =H100+J100 -> 1050475 | H100: =H99 -> 189216 | I100: =J100*1000*$N$85/1000000000 -> 0.0086125903 | J100: =J99+(J$33-J$4)/29 -> 861259.03 | K100: =L100*M$85/1000000 -> 1.4239589 | L100: =L99+(L$33-L$4)/29 -> 678075.66 | N100: 0.01 | O100: 0.003 | P100: Cr
A101: =A100-1 -> 13 | B101: =B100-1 -> 1996 | C101: =(D101*G101+D102*F102)/F101 -> 1.4154089 | D101: =(K101+I101)*1000/G101*1000 -> 1.3908965 | E101: =F101/1000000 -> 16.761928 | F101: =F102+H101+J101 -> 16761928 | G101: =H101+J101 -> 1070049.1 | H101: =H100 -> 189216 | I101: =J101*1000*$N$85/1000000000 -> 0.008808331 | J101: =J100+(J$33-J$4)/29 -> 880833.1 | K101: =L101*M$85/1000000 -> 1.4795192 | L101: =L100+(L$33-L$4)/29 -> 704532.97
A102: =A101-1 -> 12 | B102: =B101-1 -> 1995 | C102: =(D102*G102+D103*F103)/F102 -> 1.4405862 | D102: =(K102+I102)*1000/G102*1000 -> 1.4170804 | E102: =F102/1000000 -> 15.691879 | F102: =F103+H102+J102 -> 15691879 | G102: =H102+J102 -> 1089623.2 | H102: =H101 -> 189216 | I102: =J102*1000*$N$85/1000000000 -> 0.0090040717 | J102: =J101+(J$33-J$4)/29 -> 900407.17 | K102: =L102*M$85/1000000 -> 1.5350796 | L102: =L101+(L$33-L$4)/29 -> 730990.28
A103: =A102-1 -> 11 | B103: =B102-1 -> 1994 | C103: =(D103*G103+D104*F104)/F103 -> 1.4648717 | D103: =(K103+I103)*1000/G103*1000 -> 1.4423402 | E103: =F103/1000000 -> 14.602255 | F103: =F104+H103+J103 -> 14602255 | G103: =H103+J103 -> 1109197.2 | H103: =H102 -> 189216 | I103: =J103*1000*$N$85/1000000000 -> 0.0091998124 | J103: =J102+(J$33-J$4)/29 -> 919981.24 | K103: =L103*M$85/1000000 -> 1.5906399 | L103: =L102+(L$33-L$4)/29 -> 757447.59
A104: =A103-1 -> 10 | B104: =B103-1 -> 1993 | C104: =(D104*G104+D105*F105)/F104 -> 1.488306 | D104: =(K104+I104)*1000/G104*1000 -> 1.4667239 | E104: =F104/1000000 -> 13.493058 | F104: =F105+H104+J104 -> 13493058 | G104: =H104+J104 -> 1128771.3 | H104: =H103 -> 189216 | I104: =J104*1000*$N$85/1000000000 -> 0.0093955531 | J104: =J103+(J$33-J$4)/29 -> 939555.31 | K104: =L104*M$85/1000000 -> 1.6462003 | L104: =L103+(L$33-L$4)/29 -> 783904.9
A105: =A104-1 -> 9 | B105: =B104-1 -> 1992 | C105: =(D105*G105+D106*F106)/F105 -> 1.5109252 | D105: =(K105+I105)*1000/G105*1000 -> 1.4902763 | E105: =F105/1000000 -> 12.364287 | F105: =F106+H105+J105 -> 12364287 | G105: =H105+J105 -> 1148345.4 | H105: =H104 -> 189216 | I105: =J105*1000*$N$85/1000000000 -> 0.0095912938 | J105: =J104+(J$33-J$4)/29 -> 959129.38 | K105: =L105*M$85/1000000 -> 1.7017606 | L105: =L104+(L$33-L$4)/29 -> 810362.21
A106: =A105-1 -> 8 | B106: =B105-1 -> 1991 | C106: =(D106*G106+D107*F107)/F106 -> 1.5327597 | D106: =(K106+I106)*1000/G106*1000 -> 1.5130393 | E106: =F106/1000000 -> 11.215942 | F106: =F107+H106+J106 -> 11215942 | G106: =H106+J106 -> 1167919.4 | H106: =H105 -> 189216 | I106: =J106*1000*$N$85/1000000000 -> 0.0097870345 | J106: =J105+(J$33-J$4)/29 -> 978703.45 | K106: =L106*M$85/1000000 -> 1.757321 | L106: =L105+(L$33-L$4)/29 -> 836819.52
A107: =A106-1 -> 7 | B107: =B106-1 -> 1990 | C107: =(D107*G107+D108*F108)/F107 -> 1.5538334 | D107: =(K107+I107)*1000/G107*1000 -> 1.5350518 | E107: =F107/1000000 -> 10.048022 | F107: =F108+H107+J107 -> 10048022 | G107: =H107+J107 -> 1187493.5 | H107: =H106 -> 189216 | I107: =J107*1000*$N$85/1000000000 -> 0.0099827752 | J107: =J106+(J$33-J$4)/29 -> 998277.52 | K107: =L107*M$85/1000000 -> 1.8128813 | L107: =L106+(L$33-L$4)/29 -> 863276.83
A108: =A107-1 -> 6 | B108: =B107-1 -> 1989 | C108: =(D108*G108+D109*F109)/F108 -> 1.5741604 | D108: =(K108+I108)*1000/G108*1000 -> 1.5563505 | E108: =F108/1000000 -> 8.8605286 | F108: =F109+H108+J108 -> 8860528.6 | G108: =H108+J108 -> 1207067.6 | H108: =H107 -> 189216 | I108: =J108*1000*$N$85/1000000000 -> 0.010178516 | J108: =J107+(J$33-J$4)/29 -> 1017851.6 | K108: =L108*M$85/1000000 -> 1.8684417 | L108: =L107+(L$33-L$4)/29 -> 889734.14
A109: =A108-1 -> 5 | B109: =B108-1 -> 1988 | C109: =(D109*G109+D110*F110)/F109 -> 1.5937397 | D109: =(K109+I109)*1000/G109*1000 -> 1.5769694 | E109: =F109/1000000 -> 7.653461 | F109: =F110+H109+J109 -> 7653461 | G109: =H109+J109 -> 1226641.7 | H109: =H108 -> 189216 | I109: =J109*1000*$N$85/1000000000 -> 0.010374257 | J109: =J108+(J$33-J$4)/29 -> 1037425.7 | K109: =L109*M$85/1000000 -> 1.924002 | L109: =L108+(L$33-L$4)/29 -> 916191.45
A110: =A109-1 -> 4 | B110: =B109-1 -> 1987 | C110: =(D110*G110+D111*F111)/F110 -> 1.6125412 | D110: =(K110+I110)*1000/G110*1000 -> 1.5969405 | E110: =F110/1000000 -> 6.4268193 | F110: =F111+H110+J110 -> 6426819.3 | G110: =H110+J110 -> 1246215.7 | H110: =H109 -> 189216 | I110: =J110*1000*$N$85/1000000000 -> 0.010569997 | J110: =J109+(J$33-J$4)/29 -> 1056999.7 | K110: =L110*M$85/1000000 -> 1.9795624 | L110: =L109+(L$33-L$4)/29 -> 942648.76
A111: =A110-1 -> 3 | B111: =B110-1 -> 1986 | C111: =(D111*G111+D112*F112)/F111 -> 1.6304734 | D111: =(K111+I111)*1000/G111*1000 -> 1.616294 | E111: =F111/1000000 -> 5.1806036 | F111: =F112+H111+J111 -> 5180603.6 | G111: =H111+J111 -> 1265789.8 | H111: =H110 -> 189216 | I111: =J111*1000*$N$85/1000000000 -> 0.010765738 | J111: =J110+(J$33-J$4)/29 -> 1076573.8 | K111: =L111*M$85/1000000 -> 2.0351227 | L111: =L110+(L$33-L$4)/29 -> 969106.07
A112: =A111-1 -> 2 | B112: =B111-1 -> 1985 | C112: =(D112*G112+D113*F113)/F112 -> 1.6472832 | D112: =(K112+I112)*1000/G112*1000 -> 1.6350581 | E112: =F112/1000000 -> 3.9148138 | F112: =F113+H112+J112 -> 3914813.8 | G112: =H112+J112 -> 1285363.9 | H112: =H111 -> 189216 | I112: =J112*1000*$N$85/1000000000 -> 0.010961479 | J112: =J111+(J$33-J$4)/29 -> 1096147.9 | K112: =L112*M$85/1000000 -> 2.0906831 | L112: =L111+(L$33-L$4)/29 -> 995563.38 | M112: 3871920 | N112: Grundvatten - bottom nytt Leveniemi, Bergab2012
A113: =A112-1 -> 1 | B113: =B112-1 -> 1984 | C113: =(D113*G113+D114*G114)/F113 -> 1.6621566 | D113: =(K113+I113)*1000/G113*1000 -> 1.6532592 | E113: =F113/1000000 -> 2.6294499 | F113: =F114+H113+J113 -> 2629449.9 | G113: =H113+J113 -> 1304937.9 | H113: =H112 -> 189216 | I113: =J113*1000*$N$85/1000000000 -> 0.011157219 | J113: =J112+(J$33-J$4)/29 -> 1115721.9 | K113: =L113*M$85/1000000 -> 2.1462434 | L113: =L112+(L$33-L$4)/29 -> 1022020.7 | M113: 283000 | N113: Regnvann SWECO 2012
A114: =A113-1 -> 0 | B114: =B113-1 -> 1983 | C114: =D114 -> 1.6709224 | D114: =(K114+I114)*1000000/G114 -> 1.6709224 | E114: =F114/1000000 -> 1.324512 | F114: =H114+J114 -> 1324512 | G114: =H114+J114 -> 1324512 | H114: =H113 -> 189216 | I114: =J114*1000*$N$85/1000000000 -> 0.01135296 | J114: =M115 -> 1135296 | K114: =L114*M$85/1000000 -> 2.2018038 | L114: 1048478 | M114: =6*60*60*24*365/1000 -> 189216 | N114: Regnvann Miljøbyrån 2010
M115: =36*60*60*24*365/1000 -> 1135296 | N115: Grundvatten 1983 - Miljøbyrån 2010
B116: 2020 | J116: 2932848 | L116: 1129047 | M116: =18*60*60*24*365/1000 -> 567648 | N116: Grundvatten 2010 - Miljøbyrån 2010
L117: 1048478
B118: 2932848
C124: Lake con. | D124: add/year | E124: Lake volume | F124: Lake volume | G124: Yearly addition | H124: Net Rainwater | I124: Ground water contribution | J124: Groundwater | K124: surface leaching | L124: surface area for leaching | M124: Leaching | N124: ground water | O124: PIT WATER 2012
A125: # years | B125: ÅR | C125: mg/l | D125: mg/l | E125: Mm3 | F125: m3 | G125: m3/year | H125: m3/year | I125: kg/year | J125: m3/year | K125: kg/year | L125: m2 | M125: mg/m2/year | N125: mg/l
A126: 29 | B126: 2012 | C126: =(D126*G126+D127*F127)/F126 -> 12.104477 | D126: =(K126+I126)*1000/G126 -> 11.441963 | E126: =F126/1000000 -> 31.22064 | F126: =F127+H126+J126 -> 31220640 | G126: =H126+J126 -> 756864 | H126: =6*60*60*24*365/1000 -> 189216 | I126: =J126*1000*$N$126/1000000 -> 1067.1782 | J126: =18*60*60*24*365/1000 -> 567648 | K126: =L126*M$126/1000 -> 7592.832 | L126: 281216 | M126: 27 | N126: 1.88
A127: =A126-1 -> 28 | B127: =B126-1 -> 2011 | C127: =(D127*G127+D128*F128)/F127 -> 12.750064 | D127: =(K127+I127)*1000/G127 -> 12.120937 | E127: =F127/1000000 -> 30.463776 | F127: =F128+H127+J127 -> 30463776 | G127: =H127+J127 -> 776438.07 | H127: =H126 -> 189216 | I127: =J127*1000*$N$126/1000000 -> 1103.9775 | J127: =J126+(J$33-J$4)/29 -> 587222.07 | K127: =L127*M$126/1000 -> 8307.1794 | L127: =L126+(L$33-L$4)/29 -> 307673.31
A128: =A127-1 -> 27 | B128: =B127-1 -> 2010 | C128: =(D128*G128+D129*F129)/F128 -> 13.364632 | D128: =(K128+I128)*1000/G128 -> 12.766518 | E128: =F128/1000000 -> 29.687338 | F128: =F129+H128+J128 -> 29687338 | G128: =H128+J128 -> 796012.14 | H128: =H127 -> 189216 | I128: =J128*1000*$N$126/1000000 -> 1140.7767 | J128: =J127+(J$33-J$4)/29 -> 606796.14 | K128: =L128*M$126/1000 -> 9021.5268 | L128: =L127+(L$33-L$4)/29 -> 334130.62
A129: =A128-1 -> 26 | B129: =B128-1 -> 2009 | C129: =(D129*G129+D130*F130)/F129 -> 13.95036 | D129: =(K129+I129)*1000/G129 -> 13.381112 | E129: =F129/1000000 -> 28.891326 | F129: =F130+H129+J129 -> 28891326 | G129: =H129+J129 -> 815586.21 | H129: =H128 -> 189216 | I129: =J129*1000*$N$126/1000000 -> 1177.576 | J129: =J128+(J$33-J$4)/29 -> 626370.21 | K129: =L129*M$126/1000 -> 9735.8741 | L129: =L128+(L$33-L$4)/29 -> 360587.93
A130: =A129-1 -> 25 | B130: =B129-1 -> 2008 | C130: =(D130*G130+D131*F131)/F130 -> 14.509224 | D130: =(K130+I130)*1000/G130 -> 13.966896 | E130: =F130/1000000 -> 28.07574 | F130: =F131+H130+J130 -> 28075740 | G130: =H130+J130 -> 835160.28 | H130: =H129 -> 189216 | I130: =J130*1000*$N$126/1000000 -> 1214.3752 | J130: =J129+(J$33-J$4)/29 -> 645944.28 | K130: =L130*M$126/1000 -> 10450.222 | L130: =L129+(L$33-L$4)/29 -> 387045.24 | M130: 20 | N130: 68.2 | O130: 58.4 | P130: Ca
A131: =A130-1 -> 24 | B131: =B130-1 -> 2007 | C131: =(D131*G131+D132*F132)/F131 -> 15.043024 | D131: =(K131+I131)*1000/G131 -> 14.525851 | E131: =F131/1000000 -> 27.240579 | F131: =F132+H131+J131 -> 27240579 | G131: =H131+J131 -> 854734.34 | H131: =H130 -> 189216 | I131: =J131*1000*$N$126/1000000 -> 1251.1745 | J131: =J130+(J$33-J$4)/29 -> 665518.34 | K131: =L131*M$126/1000 -> 11164.569 | L131: =L130+(L$33-L$4)/29 -> 413502.55 | M131: 0 | N131: 126 | O131: 68.7 | P131: SO4
A132: =A131-1 -> 23 | B132: =B131-1 -> 2006 | C132: =(D132*G132+D133*F133)/F132 -> 15.553403 | D132: =(K132+I132)*1000/G132 -> 15.059777 | E132: =F132/1000000 -> 26.385845 | F132: =F133+H132+J132 -> 26385845 | G132: =H132+J132 -> 874308.41 | H132: =H131 -> 189216 | I132: =J132*1000*$N$126/1000000 -> 1287.9737 | J132: =J131+(J$33-J$4)/29 -> 685092.41 | K132: =L132*M$126/1000 -> 11878.916 | L132: =L131+(L$33-L$4)/29 -> 439959.86 | M132: 27 | N132: 1.88 | O132: 12 | P132: Cl
A133: =A132-1 -> 22 | B133: =B132-1 -> 2005 | C133: =(D133*G133+D134*F134)/F133 -> 16.041861 | D133: =(K133+I133)*1000/G133 -> 15.57032 | E133: =F133/1000000 -> 25.511537 | F133: =F134+H133+J133 -> 25511537 | G133: =H133+J133 -> 893882.48 | H133: =H132 -> 189216 | I133: =J133*1000*$N$126/1000000 -> 1324.773 | J133: =J132+(J$33-J$4)/29 -> 704666.48 | K133: =L133*M$126/1000 -> 12593.264 | L133: =L132+(L$33-L$4)/29 -> 466417.17 | M133: 19 | N133: 0.18 | O133: 7.7 | P133: Cu
A134: =A133-1 -> 21 | B134: =B133-1 -> 2004 | C134: =(D134*G134+D135*F135)/F134 -> 16.509771 | D134: =(K134+I134)*1000/G134 -> 16.058983 | E134: =F134/1000000 -> 24.617654 | F134: =F135+H134+J134 -> 24617654 | G134: =H134+J134 -> 913456.55 | H134: =H133 -> 189216 | I134: =J134*1000*$N$126/1000000 -> 1361.5722 | J134: =J133+(J$33-J$4)/29 -> 724240.55 | K134: =L134*M$126/1000 -> 13307.611 | L134: =L133+(L$33-L$4)/29 -> 492874.48 | M134: 1.4 | N134: 0.38 | O134: 0.84 | P134: Ni
A135: =A134-1 -> 20 | B135: =B134-1 -> 2003 | C135: =(D135*G135+D136*F136)/F135 -> 16.958392 | D135: =(K135+I135)*1000/G135 -> 16.527142 | E135: =F135/1000000 -> 23.704198 | F135: =F136+H135+J135 -> 23704198 | G135: =H135+J135 -> 933030.62 | H135: =H134 -> 189216 | I135: =J135*1000*$N$126/1000000 -> 1398.3715 | J135: =J134+(J$33-J$4)/29 -> 743814.62 | K135: =L135*M$126/1000 -> 14021.958 | L135: =L134+(L$33-L$4)/29 -> 519331.79 | M135: 0.01 | N135: 0.27 | O135: 0.13 | P135: Co
A136: =A135-1 -> 19 | B136: =B135-1 -> 2002 | C136: =(D136*G136+D137*F137)/F136 -> 17.388881 | D136: =(K136+I136)*1000/G136 -> 16.976062 | E136: =F136/1000000 -> 22.771167 | F136: =F137+H136+J136 -> 22771167 | G136: =H136+J136 -> 952604.69 | H136: =H135 -> 189216 | I136: =J136*1000*$N$126/1000000 -> 1435.1707 | J136: =J135+(J$33-J$4)/29 -> 763388.69 | K136: =L136*M$126/1000 -> 14736.306 | L136: =L135+(L$33-L$4)/29 -> 545789.1 | M136: 0.01 | N136: 2.8 | O136: 1.5 | P136: Zn
A137: =A136-1 -> 18 | B137: =B136-1 -> 2001 | C137: =(D137*G137+D138*F138)/F137 -> 17.802301 | D137: =(K137+I137)*1000/G137 -> 17.406905 | E137: =F137/1000000 -> 21.818562 | F137: =F138+H137+J137 -> 21818562 | G137: =H137+J137 -> 972178.76 | H137: =H136 -> 189216 | I137: =J137*1000*$N$126/1000000 -> 1471.97 | J137: =J136+(J$33-J$4)/29 -> 782962.76 | K137: =L137*M$126/1000 -> 15450.653 | L137: =L136+(L$33-L$4)/29 -> 572246.41 | M137: 7.5 | N137: 0.94 | O137: 3.6 | P137: Mo
A138: =A137-1 -> 17 | B138: =B137-1 -> 2000 | C138: =(D138*G138+D139*F139)/F138 -> 18.199631 | D138: =(K138+I138)*1000/G138 -> 17.820741 | E138: =F138/1000000 -> 20.846383 | F138: =F139+H138+J138 -> 20846383 | G138: =H138+J138 -> 991752.83 | H138: =H137 -> 189216 | I138: =J138*1000*$N$126/1000000 -> 1508.7692 | J138: =J137+(J$33-J$4)/29 -> 802536.83 | K138: =L138*M$126/1000 -> 16165.001 | L138: =L137+(L$33-L$4)/29 -> 598703.72 | P138: NH4
A139: =A138-1 -> 16 | B139: =B138-1 -> 1999 | C139: =(D139*G139+D140*F140)/F139 -> 18.581772 | D139: =(K139+I139)*1000/G139 -> 18.218557 | E139: =F139/1000000 -> 19.854631 | F139: =F140+H139+J139 -> 19854631 | G139: =H139+J139 -> 1011326.9 | H139: =H138 -> 189216 | I139: =J139*1000*$N$126/1000000 -> 1545.5685 | J139: =J138+(J$33-J$4)/29 -> 822110.9 | K139: =L139*M$126/1000 -> 16879.348 | L139: =L138+(L$33-L$4)/29 -> 625161.03
A140: =A139-1 -> 15 | B140: =B139-1 -> 1998 | C140: =(D140*G140+D141*F141)/F140 -> 18.949555 | D140: =(K140+I140)*1000/G140 -> 18.601266 | E140: =F140/1000000 -> 18.843304 | F140: =F141+H140+J140 -> 18843304 | G140: =H140+J140 -> 1030901 | H140: =H139 -> 189216 | I140: =J140*1000*$N$126/1000000 -> 1582.3677 | J140: =J139+(J$33-J$4)/29 -> 841684.97 | K140: =L140*M$126/1000 -> 17593.695 | L140: =L139+(L$33-L$4)/29 -> 651618.34
A141: =A140-1 -> 14 | B141: =B140-1 -> 1997 | C141: =(D141*G141+D142*F142)/F141 -> 19.303746 | D141: =(K141+I141)*1000/G141 -> 18.969713 | E141: =F141/1000000 -> 17.812403 | F141: =F142+H141+J141 -> 17812403 | G141: =H141+J141 -> 1050475 | H141: =H140 -> 189216 | I141: =J141*1000*$N$126/1000000 -> 1619.167 | J141: =J140+(J$33-J$4)/29 -> 861259.03 | K141: =L141*M$126/1000 -> 18308.043 | L141: =L140+(L$33-L$4)/29 -> 678075.66
A142: =A141-1 -> 13 | B142: =B141-1 -> 1996 | C142: =(D142*G142+D143*F143)/F142 -> 19.645047 | D142: =(K142+I142)*1000/G142 -> 19.32468 | E142: =F142/1000000 -> 16.761928 | F142: =F143+H142+J142 -> 16761928 | G142: =H142+J142 -> 1070049.1 | H142: =H141 -> 189216 | I142: =J142*1000*$N$126/1000000 -> 1655.9662 | J142: =J141+(J$33-J$4)/29 -> 880833.1 | K142: =L142*M$126/1000 -> 19022.39 | L142: =L141+(L$33-L$4)/29 -> 704532.97
A143: =A142-1 -> 12 | B143: =B142-1 -> 1995 | C143: =(D143*G143+D144*F144)/F143 -> 19.974105 | D143: =(K143+I143)*1000/G143 -> 19.666894 | E143: =F143/1000000 -> 15.691879 | F143: =F144+H143+J143 -> 15691879 | G143: =H143+J143 -> 1089623.2 | H143: =H142 -> 189216 | I143: =J143*1000*$N$126/1000000 -> 1692.7655 | J143: =J142+(J$33-J$4)/29 -> 900407.17 | K143: =L143*M$126/1000 -> 19736.737 | L143: =L142+(L$33-L$4)/29 -> 730990.28
A144: =A143-1 -> 11 | B144: =B143-1 -> 1994 | C144: =(D144*G144+D145*F145)/F144 -> 20.291507 | D144: =(K144+I144)*1000/G144 -> 19.997029 | E144: =F144/1000000 -> 14.602255 | F144: =F145+H144+J144 -> 14602255 | G144: =H144+J144 -> 1109197.2 | H144: =H143 -> 189216 | I144: =J144*1000*$N$126/1000000 -> 1729.5647 | J144: =J143+(J$33-J$4)/29 -> 919981.24 | K144: =L144*M$126/1000 -> 20451.085 | L144: =L143+(L$33-L$4)/29 -> 757447.59
A145: =A144-1 -> 10 | B145: =B144-1 -> 1993 | C145: =(D145*G145+D146*F146)/F145 -> 20.597785 | D145: =(K145+I145)*1000/G145 -> 20.315715 | E145: =F145/1000000 -> 13.493058 | F145: =F146+H145+J145 -> 13493058 | G145: =H145+J145 -> 1128771.3 | H145: =H144 -> 189216 | I145: =J145*1000*$N$126/1000000 -> 1766.364 | J145: =J144+(J$33-J$4)/29 -> 939555.31 | K145: =L145*M$126/1000 -> 21165.432 | L145: =L144+(L$33-L$4)/29 -> 783904.9
A146: =A145-1 -> 9 | B146: =B145-1 -> 1992 | C146: =(D146*G146+D147*F147)/F146 -> 20.893409 | D146: =(K146+I146)*1000/G146 -> 20.623536 | E146: =F146/1000000 -> 12.364287 | F146: =F147+H146+J146 -> 12364287 | G146: =H146+J146 -> 1148345.4 | H146: =H145 -> 189216 | I146: =J146*1000*$N$126/1000000 -> 1803.1632 | J146: =J145+(J$33-J$4)/29 -> 959129.38 | K146: =L146*M$126/1000 -> 21879.78 | L146: =L145+(L$33-L$4)/29 -> 810362.21
A147: =A146-1 -> 8 | B147: =B146-1 -> 1991 | C147: =(D147*G147+D148*F148)/F147 -> 21.178778 | D147: =(K147+I147)*1000/G147 -> 20.92104 | E147: =F147/1000000 -> 11.215942 | F147: =F148+H147+J147 -> 11215942 | G147: =H147+J147 -> 1167919.4 | H147: =H146 -> 189216 | I147: =J147*1000*$N$126/1000000 -> 1839.9625 | J147: =J146+(J$33-J$4)/29 -> 978703.45 | K147: =L147*M$126/1000 -> 22594.127 | L147: =L146+(L$33-L$4)/29 -> 836819.52
A148: =A147-1 -> 7 | B148: =B147-1 -> 1990 | C148: =(D148*G148+D149*F149)/F148 -> 21.454203 | D148: =(K148+I148)*1000/G148 -> 21.208736 | E148: =F148/1000000 -> 10.048022 | F148: =F149+H148+J148 -> 10048022 | G148: =H148+J148 -> 1187493.5 | H148: =H147 -> 189216 | I148: =J148*1000*$N$126/1000000 -> 1876.7617 | J148: =J147+(J$33-J$4)/29 -> 998277.52 | K148: =L148*M$126/1000 -> 23308.474 | L148: =L147+(L$33-L$4)/29 -> 863276.83
A149: =A148-1 -> 6 | B149: =B148-1 -> 1989 | C149: =(D149*G149+D150*F150)/F149 -> 21.71987 | D149: =(K149+I149)*1000/G149 -> 21.487101 | E149: =F149/1000000 -> 8.8605286 | F149: =F150+H149+J149 -> 8860528.6 | G149: =H149+J149 -> 1207067.6 | H149: =H148 -> 189216 | I149: =J149*1000*$N$126/1000000 -> 1913.561 | J149: =J148+(J$33-J$4)/29 -> 1017851.6 | K149: =L149*M$126/1000 -> 24022.822 | L149: =L148+(L$33-L$4)/29 -> 889734.14
A150: =A149-1 -> 5 | B150: =B149-1 -> 1988 | C150: =(D150*G150+D151*F151)/F150 -> 21.975764 | D150: =(K150+I150)*1000/G150 -> 21.756582 | E150: =F150/1000000 -> 7.653461 | F150: =F151+H150+J150 -> 7653461 | G150: =H150+J150 -> 1226641.7 | H150: =H149 -> 189216 | I150: =J150*1000*$N$126/1000000 -> 1950.3602 | J150: =J149+(J$33-J$4)/29 -> 1037425.7 | K150: =L150*M$126/1000 -> 24737.169 | L150: =L149+(L$33-L$4)/29 -> 916191.45
... A152: =A151-1 -> 3 | B152: =B151-1 -> 1986 | C152: =(D152*G152+D153*F153)/F152 -> 22.45586 | D152: =(K152+I152)*1000/G152 -> 22.27054 | E152: =F152/1000000 -> 5.1806036 | F152: =F153+H152+J152 -> 5180603.6 | G152: =H152+J152 -> 1265789.8 | H152: =H151 -> 189216 | I152: =J152*1000*$N$126/1000000 -> 2023.9587 | J152: =J151+(J$33-J$4)/29 -> 1076573.8 | K152: =L152*M$126/1000 -> 26165.864 | L152: =L151+(L$33-L$4)/29 -> 969106.07
A153: =A152-1 -> 2 | B153: =B152-1 -> 1985 | C153: =(D153*G153+D154*F154)/F153 -> 22.675557 | D153: =(K153+I153)*1000/G153 -> 22.515779 | E153: =F153/1000000 -> 3.9148138 | F153: =F154+H153+J153 -> 3914813.8 | G153: =H153+J153 -> 1285363.9 | H153: =H152 -> 189216 | I153: =J153*1000*$N$126/1000000 -> 2060.758 | J153: =J152+(J$33-J$4)/29 -> 1096147.9 | K153: =L153*M$126/1000 -> 26880.211 | L153: =L152+(L$33-L$4)/29 -> 995563.38 | M153: 3871920 | N153: Grundvatten - bottom nytt Leveniemi, Bergab2012
A154: =A153-1 -> 1 | B154: =B153-1 -> 1984 | C154: =(D154*G154+D155*G155)/F154 -> 22.869946 | D154: =(K154+I154)*1000/G154 -> 22.753661 | E154: =F154/1000000 -> 2.6294499 | F154: =F155+H154+J154 -> 2629449.9 | G154: =H154+J154 -> 1304937.9 | H154: =H153 -> 189216 | I154: =J154*1000*$N$126/1000000 -> 2097.5572 | J154: =J153+(J$33-J$4)/29 -> 1115721.9 | K154: =L154*M$126/1000 -> 27594.559 | L154: =L153+(L$33-L$4)/29 -> 1022020.7 | M154: 388592 | N154: Regnvann SWECO 2012
A155: =A154-1 -> 0 | B155: =B154-1 -> 1983 | C155: =D155 -> 22.984512 | D155: =(K155+I155)*1000/F155 -> 22.984512 | E155: =F155/1000000 -> 1.324512 | F155: =H155+J155 -> 1324512 | G155: =H155+J155 -> 1324512 | H155: =H154 -> 189216 | I155: =J155*1000*$N$126/1000000 -> 2134.3565 | J155: =M156 -> 1135296 | K155: =L155*M$126/1000 -> 28308.906 | L155: 1048478 | M155: =6*60*60*24*365/1000 -> 189216 | N155: Regnvann Miljøbyrån 2010
M156: =36*60*60*24*365/1000 -> 1135296 | N156: Grundvatten 1983 - Miljøbyrån 2010
B157: 2020 | J157: 2932848 | L157: 1129047 | M157: =18*60*60*24*365/1000 -> 567648 | N157: Grundvatten 2010 - Miljøbyrån 2010
L158: 1048478
B159: 2932848

Sheet Modell During mining
A1: Leveaniemi pit water drainge prediction
C2: Lake copper con. | D2: Mean summer Copper conc./year | E2: Lake volume | F2: Lake volume | G2: Yearly discharge | H2: Net Rainwater | I2: Ground water contribution | J2: Groundwater | K2: surface leaching | L2: surface area for leaching | M2: Leaching | N2: ground water
A3: # years | B3: ÅR | D3: ug/l | E3: Mm3 | F3: m3 | G3: m3/year | H3: m3/year | I3: kg/year | J3: m3/year | K3: kg/year | L3: m2 | M3: mg/m2/year | N3: ug/l
A4: 0 | B4: 2014 | C4: =(D4*G4+D5*F5)/F4 -> 21.578451 | D4: =(K4*1000/G4*12/7*1000)+(I4/G4*7/12*1000) -> 24.426882 | E4: =F4/1000000 -> 43.842048 | F4: =F5+H4+J4 -> 43842048 | G4: =H4+J4 -> 1324512 | H4: =6*60*60*24*365/1000 -> 189216 | I4: =J4*1000*$N$4/1000000000 -> 1.135296 | J4: =36*60*60*24*365/1000 -> 1135296 | K4: =L4*$M$4/1000000 -> 18.872604 | L4: 1048478 | M4: 18 | N4: 1
A5: =A4+1 -> 1 | B5: =B4+1 -> 2015 | C5: =(D5*G5+D6*F6)/F5 -> 19.285353 | D5: =(K5*1000/G5*12/7*1000)+(I5/G5*7/12*1000) -> 21.489717 | E5: =F5/1000000 -> 42.517536 | F5: =F6+H5+J5 -> 42517536 | G5: =H5+J5 -> 1513260.8 | H5: =H4+(H$19-H$4)/15 -> 195523.2 | I5: =J5*1000*$N$4/1000000000 -> 1.3177376 | J5: =J4+(J$19-J$4)/15 -> 1317737.6 | K5: =L5*$M$4/1000000 -> 18.969287 | L5: =L4+(L$19-L$4)/15 -> 1053849.3
A6: =A5+1 -> 2 | B6: =B5+1 -> 2016 | C6: =(D6*G6+D7*F7)/F6 -> 17.450571 | D6: =(K6*1000/G6*12/7*1000)+(I6/G6*7/12*1000) -> 19.204001 | E6: =F6/1000000 -> 41.004275 | F6: =F7+H6+J6 -> 41004275 | G6: =H6+J6 -> 1702009.6 | H6: =H5+(H$19-H$4)/15 -> 201830.4 | I6: =J6*1000*$N$4/1000000000 -> 1.5001792 | J6: =J5+(J$19-J$4)/15 -> 1500179.2 | K6: =L6*$M$4/1000000 -> 19.06597 | L6: =L5+(L$19-L$4)/15 -> 1059220.5
A7: =A6+1 -> 3 | B7: =B6+1 -> 2017 | C7: =(D7*G7+D8*F8)/F7 -> 15.949394 | D7: =(K7*1000/G7*12/7*1000)+(I7/G7*7/12*1000) -> 17.374638 | E7: =F7/1000000 -> 39.302266 | F7: =F8+H7+J7 -> 39302266 | G7: =H7+J7 -> 1890758.4 | H7: =H6+(H$19-H$4)/15 -> 208137.6 | I7: =J7*1000*$N$4/1000000000 -> 1.6826208 | J7: =J6+(J$19-J$4)/15 -> 1682620.8 | K7: =L7*$M$4/1000000 -> 19.162652 | L7: =L6+(L$19-L$4)/15 -> 1064591.8
A8: =A7+1 -> 4 | B8: =B7+1 -> 2018 | C8: =(D8*G8+D9*F9)/F8 -> 14.698649 | D8: =(K8*1000/G8*12/7*1000)+(I8/G8*7/12*1000) -> 15.877363 | E8: =F8/1000000 -> 37.411507 | F8: =F9+H8+J8 -> 37411507 | G8: =H8+J8 -> 2079507.2 | H8: =H7+(H$19-H$4)/15 -> 214444.8 | I8: =J8*1000*$N$4/1000000000 -> 1.8650624 | J8: =J7+(J$19-J$4)/15 -> 1865062.4 | K8: =L8*$M$4/1000000 -> 19.259335 | L8: =L7+(L$19-L$4)/15 -> 1069963.1
A9: =A8+1 -> 5 | B9: =B8+1 -> 2019 | C9: =(D9*G9+D10*F10)/F9 -> 13.640758 | D9: =(K9*1000/G9*12/7*1000)+(I9/G9*7/12*1000) -> 14.629274 | E9: =F9/1000000 -> 35.332 | F9: =F10+H9+J9 -> 35332000 | G9: =H9+J9 -> 2268256 | H9: =H8+(H$19-H$4)/15 -> 220752 | I9: =J9*1000*$N$4/1000000000 -> 2.047504 | J9: =J8+(J$19-J$4)/15 -> 2047504 | K9: =L9*$M$4/1000000 -> 19.356018 | L9: =L8+(L$19-L$4)/15 -> 1075334.3
A10: =A9+1 -> 6 | B10: =B9+1 -> 2020 | C10: =(D10*G10+D11*F11)/F10 -> 12.734628 | D10: =(K10*1000/G10*12/7*1000)+(I10/G10*7/12*1000) -> 13.572944 | E10: =F10/1000000 -> 33.063744 | F10: =F11+H10+J10 -> 33063744 | G10: =H10+J10 -> 2457004.8 | H10: =H9+(H$19-H$4)/15 -> 227059.2 | I10: =J10*1000*$N$4/1000000000 -> 2.2299456 | J10: =J9+(J$19-J$4)/15 -> 2229945.6 | K10: =L10*$M$4/1000000 -> 19.452701 | L10: =L9+(L$19-L$4)/15 -> 1080705.6
A11: =A10+1 -> 7 | B11: =B10+1 -> 2021 | C11: =(D11*G11+D12*F12)/F11 -> 11.950186 | D11: =(K11*1000/G11*12/7*1000)+(I11/G11*7/12*1000) -> 12.667331 | E11: =F11/1000000 -> 30.606739 | F11: =F12+H11+J11 -> 30606739 | G11: =H11+J11 -> 2645753.6 | H11: =H10+(H$19-H$4)/15 -> 233366.4 | I11: =J11*1000*$N$4/1000000000 -> 2.4123872 | J11: =J10+(J$19-J$4)/15 -> 2412387.2 | K11: =L11*$M$4/1000000 -> 19.549384 | L11: =L10+(L$19-L$4)/15 -> 1086076.9
A12: =A11+1 -> 8 | B12: =B11+1 -> 2022 | C12: =(D12*G12+D13*F13)/F12 -> 11.264985 | D12: =(K12*1000/G12*12/7*1000)+(I12/G12*7/12*1000) -> 11.882327 | E12: =F12/1000000 -> 27.960986 | F12: =F13+H12+J12 -> 27960986 | G12: =H12+J12 -> 2834502.4 | H12: =H11+(H$19-H$4)/15 -> 239673.6 | I12: =J12*1000*$N$4/1000000000 -> 2.5948288 | J12: =J11+(J$19-J$4)/15 -> 2594828.8 | K12: =L12*$M$4/1000000 -> 19.646066 | L12: =L11+(L$19-L$4)/15 -> 1091448.1
A13: =A12+1 -> 9 | B13: =B12+1 -> 2023 | C13: =(D13*G13+D14*F14)/F13 -> 10.662042 | D13: =(K13*1000/G13*12/7*1000)+(I13/G13*7/12*1000) -> 11.195343 | E13: =F13/1000000 -> 25.126483 | F13: =F14+H13+J13 -> 25126483 | G13: =H13+J13 -> 3023251.2 | H13: =H12+(H$19-H$4)/15 -> 245980.8 | I13: =J13*1000*$N$4/1000000000 -> 2.7772704 | J13: =J12+(J$19-J$4)/15 -> 2777270.4 | K13: =L13*$M$4/1000000 -> 19.742749 | L13: =L12+(L$19-L$4)/15 -> 1096819.4
A14: =A13+1 -> 10 | B14: =B13+1 -> 2024 | C14: =(D14*G14+D15*F15)/F14 -> 10.128467 | D14: =(K14*1000/G14*12/7*1000)+(I14/G14*7/12*1000) -> 10.589098 | E14: =F14/1000000 -> 22.103232 | F14: =F15+H14+J14 -> 22103232 | G14: =H14+J14 -> 3212000 | H14: =H13+(H$19-H$4)/15 -> 252288 | I14: =J14*1000*$N$4/1000000000 -> 2.959712 | J14: =J13+(J$19-J$4)/15 -> 2959712 | K14: =L14*$M$4/1000000 -> 19.839432 | L14: =L13+(L$19-L$4)/15 -> 1102190.7
A15: =A14+1 -> 11 | B15: =B14+1 -> 2025 | C15: =(D15*G15+D16*F16)/F15 -> 9.6546957 | D15: =(K15*1000/G15*12/7*1000)+(I15/G15*7/12*1000) -> 10.050148 | E15: =F15/1000000 -> 18.891232 | F15: =F16+H15+J15 -> 18891232 | G15: =H15+J15 -> 3400748.8 | H15: =H14+(H$19-H$4)/15 -> 258595.2 | I15: =J15*1000*$N$4/1000000000 -> 3.1421536 | J15: =J14+(J$19-J$4)/15 -> 3142153.6 | K15: =L15*$M$4/1000000 -> 19.936115 | L15: =L14+(L$19-L$4)/15 -> 1107561.9
A16: =A15+1 -> 12 | B16: =B15+1 -> 2026 | C16: =(D16*G16+D17*F17)/F16 -> 9.2343818 | D16: =(K16*1000/G16*12/7*1000)+(I16/G16*7/12*1000) -> 9.5678788 | E16: =F16/1000000 -> 15.490483 | F16: =F17+H16+J16 -> 15490483 | G16: =H16+J16 -> 3589497.6 | H16: =H15+(H$19-H$4)/15 -> 264902.4 | I16: =J16*1000*$N$4/1000000000 -> 3.3245952 | J16: =J15+(J$19-J$4)/15 -> 3324595.2 | K16: =L16*$M$4/1000000 -> 20.032798 | L16: =L15+(L$19-L$4)/15 -> 1112933.2
A17: =A16+1 -> 13 | B17: =B16+1 -> 2027 | C17: =(D17*G17+D18*F18)/F17 -> 8.8657138 | D17: =(K17*1000/G17*12/7*1000)+(I17/G17*7/12*1000) -> 9.1337946 | E17: =F17/1000000 -> 11.900986 | F17: =F18+H17+J17 -> 11900986 | G17: =H17+J17 -> 3778246.4 | H17: =H16+(H$19-H$4)/15 -> 271209.6 | I17: =J17*1000*$N$4/1000000000 -> 3.5070368 | J17: =J16+(J$19-J$4)/15 -> 3507036.8 | K17: =L17*$M$4/1000000 -> 20.12948 | L17: =L16+(L$19-L$4)/15 -> 1118304.5 | M17: 388592 | N17: Regnvann SWECO 2012
A18: =A17+1 -> 14 | B18: =B17+1 -> 2028 | C18: =(D18*G18+D19*F19)/F18 -> 8.5583196 | D18: =(K18*1000/G18*12/7*1000)+(I18/G18*7/12*1000) -> 8.7410176 | E18: =F18/1000000 -> 8.1227392 | F18: =F19+H18+J18 -> 8122739.2 | G18: =H18+J18 -> 3966995.2 | H18: =H17+(H$19-H$4)/15 -> 277516.8 | I18: =J18*1000*$N$4/1000000000 -> 3.6894784 | J18: =J17+(J$19-J$4)/15 -> 3689478.4 | K18: =L18*$M$4/1000000 -> 20.226163 | L18: =L17+(L$19-L$4)/15 -> 1123675.7 | M18: 3871920 | N18: Grundvannte BergAB20130906
A19: =A18+1 -> 15 | B19: =B18+1 -> 2029 | C19: =(D19*G19+D20*F20)/F19 -> 8.3839195 | D19: =(K19*1000/G19*12/7*1000)+(I19/G19*7/12*1000) -> 8.3839195 | E19: =F19/1000000 -> 4.155744 | F19: =F20+H19+J19 -> 4155744 | G19: =H19+J19 -> 4155744 | H19: 283824 | I19: =J19*1000*$N$4/1000000000 -> 3.87192 | J19: =M18 -> 3871920 | K19: =L19*$M$4/1000000 -> 20.322846 | L19: 1129047 | M19: 118000000 | N19: Total Lake volume after refilling
M20: 2932848 | N20: Grundvatten - bottom nytt Leveniemi, Bergab2012
M21: 283824 | N21: Regnvann SWECO 2012
M22: =6*60*60*24*365/1000 -> 189216 | N22: Regnvann Miljøbyrån 2010
M23: =36*60*60*24*365/1000 -> 1135296 | N23: Grundvatten 1983 - Miljøbyrån 2010
M24: =18*60*60*24*365/1000 -> 567648 | N24: Grundvatten 2010 - Miljøbyrån 2010
M25: 1129047 | N25: Bergyte ved nivå 55
M26: 1048478 | N26: Bergyte ved nivå 325
M29: 1860 kg/sommer | N29: 2.4 mg/l NH3
A31: Leveaniemi pit water drainge prediction
C32: NO LAKE Lake con. | D32: Summer Mean NH4 conc./year | E32: NO LAKE Lake volume | F32: NO LAKE Lake volume | G32: Yearly discharge | H32: Net Rainwater | I32: Ground water contribution | J32: Groundwater | K32: surface leaching | L32: surface area for leaching | N32: ground water
A33: # years | B33: ÅR | D33: mg/l | E33: Mm3 | F33: m3 | G33: m3/year | H33: m3/year | I33: kg/year | J33: m3/year | K33: kg/year | L33: m2 | N33: ug/l
A34: 0 | B34: 2014 | C34: =(D34*G34+D35*F35)/F34 -> 3.6304711 | D34: =(K34*1000/G34*12/7)+(I34/G34) -> 4.1300472 | E34: =F34/1000000 -> 43.842048 | F34: =F35+H34+J34 -> 43842048 | G34: =H34+J34 -> 1324512 | H34: =6*60*60*24*365/1000 -> 189216 | I34: =J34*1000*$N$34/1000000000 -> 11.35296 | J34: =36*60*60*24*365/1000 -> 1135296 | K34: 3191 | L34: 1048478 | N34: 10
A35: =A34+1 -> 1 | B35: =B34+1 -> 2015 | C35: =(D35*G35+D36*F36)/F35 -> 3.2282926 | D35: =(K35*1000/G35*12/7)+(I35/G35) -> 3.6149082 | E35: =F35/1000000 -> 42.517536 | F35: =F36+H35+J35 -> 42517536 | G35: =H35+J35 -> 1513260.8 | H35: =H34+(H$19-H$4)/15 -> 195523.2 | I35: =J35*1000*$N$34/1000000000 -> 13.177376 | J35: =J34+(J$19-J$4)/15 -> 1317737.6 | K35: 3191 | L35: =L34+(L$49-L$34)/15 -> 1053849.3 | N35: 3871920 | O35: Grundvannte BergAB20130906
A36: =A35+1 -> 2 | B36: =B35+1 -> 2016 | C36: =(D36*G36+D37*F37)/F36 -> 2.9064967 | D36: =(K36*1000/G36*12/7)+(I36/G36) -> 3.2140246 | E36: =F36/1000000 -> 41.004275 | F36: =F37+H36+J36 -> 41004275 | G36: =H36+J36 -> 1702009.6 | H36: =H35+(H$19-H$4)/15 -> 201830.4 | I36: =J36*1000*$N$34/1000000000 -> 15.001792 | J36: =J35+(J$19-J$4)/15 -> 1500179.2 | K36: 3191 | L36: =L35+(L$19-L$4)/15 -> 1059220.5 | N36: 2932848 | O36: Grundvatten - bottom nytt Leveniemi, Bergab2012
A37: =A36+1 -> 3 | B37: =B36+1 -> 2017 | C37: =(D37*G37+D38*F38)/F37 -> 2.6432105 | D37: =(K37*1000/G37*12/7)+(I37/G37) -> 2.893179 | E37: =F37/1000000 -> 39.302266 | F37: =F38+H37+J37 -> 39302266 | G37: =H37+J37 -> 1890758.4 | H37: =H36+(H$19-H$4)/15 -> 208137.6 | I37: =J37*1000*$N$34/1000000000 -> 16.826208 | J37: =J36+(J$19-J$4)/15 -> 1682620.8 | K37: 3191 | L37: =L36+(L$19-L$4)/15 -> 1064591.8 | N37: 283824 | O37: Regnvann SWECO 2012
A38: =A37+1 -> 4 | B38: =B37+1 -> 2018 | C38: =(D38*G38+D39*F39)/F38 -> 2.4238467 | D38: =(K38*1000/G38*12/7)+(I38/G38) -> 2.6305773 | E38: =F38/1000000 -> 37.411507 | F38: =F39+H38+J38 -> 37411507 | G38: =H38+J38 -> 2079507.2 | H38: =H37+(H$19-H$4)/15 -> 214444.8 | I38: =J38*1000*$N$34/1000000000 -> 18.650624 | J38: =J37+(J$19-J$4)/15 -> 1865062.4 | K38: 3191 | L38: =L37+(L$19-L$4)/15 -> 1069963.1 | N38: =6*60*60*24*365/1000 -> 189216 | O38: Regnvann Miljøbyrån 2010
A39: =A38+1 -> 5 | B39: =B38+1 -> 2019 | C39: =(D39*G39+D40*F40)/F39 -> 2.238307 | D39: =(K39*1000/G39*12/7)+(I39/G39) -> 2.4116794 | E39: =F39/1000000 -> 35.332 | F39: =F40+H39+J39 -> 35332000 | G39: =H39+J39 -> 2268256 | H39: =H38+(H$19-H$4)/15 -> 220752 | I39: =J39*1000*$N$34/1000000000 -> 20.47504 | J39: =J38+(J$19-J$4)/15 -> 2047504 | K39: 3191 | L39: =L38+(L$19-L$4)/15 -> 1075334.3 | N39: =36*60*60*24*365/1000 -> 1135296 | O39: Grundvatten 1983 - Miljøbyrån 2010
A40: =A39+1 -> 6 | B40: =B39+1 -> 2020 | C40: =(D40*G40+D41*F41)/F40 -> 2.079384 | D40: =(K40*1000/G40*12/7)+(I40/G40) -> 2.2264132 | E40: =F40/1000000 -> 33.063744 | F40: =F41+H40+J40 -> 33063744 | G40: =H40+J40 -> 2457004.8 | H40: =H39+(H$19-H$4)/15 -> 227059.2 | I40: =J40*1000*$N$34/1000000000 -> 22.299456 | J40: =J39+(J$19-J$4)/15 -> 2229945.6 | K40: 3191 | L40: =L39+(L$19-L$4)/15 -> 1080705.6 | N40: =18*60*60*24*365/1000 -> 567648 | O40: Grundvatten 2010 - Miljøbyrån 2010
A41: =A40+1 -> 7 | B41: =B40+1 -> 2021 | C41: =(D41*G41+D42*F42)/F41 -> 1.9418034 | D41: =(K41*1000/G41*12/7)+(I41/G41) -> 2.067581 | E41: =F41/1000000 -> 30.606739 | F41: =F42+H41+J41 -> 30606739 | G41: =H41+J41 -> 2645753.6 | H41: =H40+(H$19-H$4)/15 -> 233366.4 | I41: =J41*1000*$N$34/1000000000 -> 24.123872 | J41: =J40+(J$19-J$4)/15 -> 2412387.2 | K41: 3191 | L41: =L40+(L$19-L$4)/15 -> 1086076.9 | N41: 1129047 | O41: Bergyte ved nivå 55
A42: =A41+1 -> 8 | B42: =B41+1 -> 2022 | C42: =(D42*G42+D43*F43)/F42 -> 1.8216284 | D42: =(K42*1000/G42*12/7)+(I42/G42) -> 1.9299019 | E42: =F42/1000000 -> 27.960986 | F42: =F43+H42+J42 -> 27960986 | G42: =H42+J42 -> 2834502.4 | H42: =H41+(H$19-H$4)/15 -> 239673.6 | I42: =J42*1000*$N$34/1000000000 -> 25.948288 | J42: =J41+(J$19-J$4)/15 -> 2594828.8 | K42: 3191 | L42: =L41+(L$19-L$4)/15 -> 1091448.1 | N42: 1048478 | O42: Bergyte ved nivå 325
A43: =A42+1 -> 9 | B43: =B42+1 -> 2023 | C43: =(D43*G43+D44*F44)/F43 -> 1.7158804 | D43: =(K43*1000/G43*12/7)+(I43/G43) -> 1.8094141 | E43: =F43/1000000 -> 25.126483 | F43: =F44+H43+J43 -> 25126483 | G43: =H43+J43 -> 3023251.2 | H43: =H42+(H$19-H$4)/15 -> 245980.8 | I43: =J43*1000*$N$34/1000000000 -> 27.772704 | J43: =J42+(J$19-J$4)/15 -> 2777270.4 | K43: 3191 | L43: =L42+(L$19-L$4)/15 -> 1096819.4 | N43: 25000000 | O43: Årsflødet i Liukattijoki m3/år
A44: =A43+1 -> 10 | B44: =B43+1 -> 2024 | C44: =(D44*G44+D45*F45)/F44 -> 1.6222987 | D44: =(K44*1000/G44*12/7)+(I44/G44) -> 1.703087 | E44: =F44/1000000 -> 22.103232 | F44: =F45+H44+J44 -> 22103232 | G44: =H44+J44 -> 3212000 | H44: =H43+(H$19-H$4)/15 -> 252288 | I44: =J44*1000*$N$34/1000000000 -> 29.59712 | J44: =J43+(J$19-J$4)/15 -> 2959712 | K44: 3191 | L44: =L43+(L$19-L$4)/15 -> 1102190.7 | N44: 20000000 | O44: Sommarflødet m3/år
A45: =A44+1 -> 11 | B45: =B44+1 -> 2025 | C45: =(D45*G45+D46*F46)/F45 -> 1.5392055 | D45: =(K45*1000/G45*12/7)+(I45/G45) -> 1.6085625 | E45: =F45/1000000 -> 18.891232 | F45: =F46+H45+J45 -> 18891232 | G45: =H45+J45 -> 3400748.8 | H45: =H44+(H$19-H$4)/15 -> 258595.2 | I45: =J45*1000*$N$34/1000000000 -> 31.421536 | J45: =J44+(J$19-J$4)/15 -> 3142153.6 | K45: 3191 | L45: =L44+(L$19-L$4)/15 -> 1107561.9 | N45: 0.5 | O45: Cu ug/l recipient
A46: =A45+1 -> 12 | B46: =B45+1 -> 2026 | C46: =(D46*G46+D47*F47)/F46 -> 1.4654881 | D46: =(K46*1000/G46*12/7)+(I46/G46) -> 1.523979 | E46: =F46/1000000 -> 15.490483 | F46: =F47+H46+J46 -> 15490483 | G46: =H46+J46 -> 3589497.6 | H46: =H45+(H$19-H$4)/15 -> 264902.4 | I46: =J46*1000*$N$34/1000000000 -> 33.245952 | J46: =J45+(J$19-J$4)/15 -> 3324595.2 | K46: 3191 | L46: =L45+(L$19-L$4)/15 -> 1112933.2 | N46: 0.01 | O46: NH4 mg/l
A47: =A46+1 -> 13 | B47: =B46+1 -> 2027 | C47: =(D47*G47+D48*F48)/F47 -> 1.4008288 | D47: =(K47*1000/G47*12/7)+(I47/G47) -> 1.4478465 | E47: =F47/1000000 -> 11.900986 | F47: =F48+H47+J47 -> 11900986 | G47: =H47+J47 -> 3778246.4 | H47: =H46+(H$19-H$4)/15 -> 271209.6 | I47: =J47*1000*$N$34/1000000000 -> 35.070368 | J47: =J46+(J$19-J$4)/15 -> 3507036.8 | K47: 3191 | L47: =L46+(L$19-L$4)/15 -> 1118304.5 | N47: 2.42 | O47: Cu ug/l Mettresket SVA57 gjennomsnitt
A48: =A47+1 -> 14 | B48: =B47+1 -> 2028 | C48: =(D48*G48+D49*F49)/F48 -> 1.346916 | D48: =(K48*1000/G48*12/7)+(I48/G48) -> 1.3789587 | E48: =F48/1000000 -> 8.1227392 | F48: =F49+H48+J48 -> 8122739.2 | G48: =H48+J48 -> 3966995.2 | H48: =H47+(H$19-H$4)/15 -> 277516.8 | I48: =J48*1000*$N$34/1000000000 -> 36.894784 | J48: =J47+(J$19-J$4)/15 -> 3689478.4 | K48: 3191 | L48: =L47+(L$19-L$4)/15 -> 1123675.7 | N48: 0.17 | O48: NH mg/l Mettresket SVA57 gjennomsnitt
A49: =A48+1 -> 15 | B49: =B48+1 -> 2029 | C49: =(D49*G49+D50*F50)/F49 -> 1.3163285 | D49: =(K49*1000/G49*12/7)+(I49/G49) -> 1.3163285 | E49: =F49/1000000 -> 4.155744 | F49: =F50+H49+J49 -> 4155744 | G49: =H49+J49 -> 4155744 | H49: 283824 | I49: =J49*1000*$N$34/1000000000 -> 38.7192 | J49: =M18 -> 3871920 | K49: 3191 | L49: 1129047
C51: Alt 0 Resipient , Cu conc. | D51: Alt 0 Resipient NH4 conc. | E51: Cu kg/y | F51: NH4 kg/y | G51: Alt 2, 3.4MT Mettresket , Cu conc. | H51: Alt 2, 3.4Mt Mettresket NH4 conc. | I51: Alt 2, 4.5Mt Mettresket , Cu conc. | J51: Alt 2, 4.5Mt Mettresket NH4 conc. | K51: Alt 2, 3.4MT Mettresket , Cu conc. | L51: Alt 2, 3.4Mt Mettresket NH4 conc. | M51: Alt 2, 4.5Mt Mettresket , Cu conc. | N51: Alt 2, 4.5Mt Mettresket NH4 conc.
C52: ug/l | D52: mg/l | G52: ug/l | H52: mg/l | I52: ug/l | J52: mg/l | K52: ug/l | L52: mg/l | M52: ug/l | N52: mg/l
A53: 0 | B53: 2014 | C53: =((I4*1000000000)+(K4*1000000000)+($N$44*$N$45*1000))/(($N$44+$G$34)*1000) -> 1.4072022 | D53: =(($I34*1000000)+($K34*1000000)+($N$44*$N$46*1000))/(($N$44+$G$34)*1000) -> 0.15955127 | E53: =I4+K4+($N$44*$N$45*1000/1000000000) -> 30.0079 | F53: =I34+K34+($N$44*$N$46*1000/1000000) -> 3402.353 | G53: =(($I4*1000000000)+($K4*1000000000)+($J$71*$N$47*1000))/(($J$71+$G$34)*1000) -> 4.1113343 | H53: =(($I4*1000000000)+($K4*1000000000)+($J$71*$N$48*1000))/(($J$71+$G$34)*1000) -> 2.161314 | I53: =(($I4*1000000000)+($K4*1000000000)+($J$73*$N$47*1000))/(($J$73+$G$34)*1000) -> 3.7363512 | J53: =(($I4*1000000000)+($K4*1000000000)+($J$73*$N$48*1000))/(($J$73+$G$34)*1000) -> 1.7198229
A54: =A53+1 -> 1 | B54: =B53+1 -> 2015 | C54: =((I5*1000000000)+(K5*1000000000)+($N$44*$N$45*1000))/(($N$44+$G$34)*1000) -> 1.4202916 | D54: =((I35*1000000)+(K35*1000000)+($N$44*$N$46*1000))/(($N$44+$G$34)*1000) -> 0.15963682 | E54: =I5+K5+($N$44*$N$45*1000/1000000000) -> 30.287024 | F54: =I35+K35+($N$44*$N$46*1000/1000000) -> 3404.1774 | G54: =(($I5*1000000000)+($K5*1000000000)+($J$71*$N$47*1000))/(($J$71+$G$34)*1000) -> 4.1394307 | H54: =(($I5*1000000000)+($K5*1000000000)+($J$71*$N$48*1000))/(($J$71+$G$34)*1000) -> 2.1894105 | I54: =(($I5*1000000000)+($K5*1000000000)+($J$73*$N$47*1000))/(($J$73+$G$34)*1000) -> 3.7582184 | J54: =(($I5*1000000000)+($K5*1000000000)+($J$73*$N$48*1000))/(($J$73+$G$34)*1000) -> 1.7416901
A55: =A54+1 -> 2 | B55: =B54+1 -> 2016 | C55: =((I6*1000000000)+(K6*1000000000)+($N$44*$N$45*1000))/(($N$44+$G$34)*1000) -> 1.4333809 | D55: =((I36*1000000)+(K36*1000000)+($N$44*$N$46*1000))/(($N$44+$G$34)*1000) -> 0.15972238 | E55: =I6+K6+($N$44*$N$45*1000/1000000000) -> 30.566149 | F55: =I36+K36+($N$44*$N$46*1000/1000000) -> 3406.0018 | G55: =(($I6*1000000000)+($K6*1000000000)+($J$71*$N$47*1000))/(($J$71+$G$34)*1000) -> 4.1675272 | H55: =(($I6*1000000000)+($K6*1000000000)+($J$71*$N$48*1000))/(($J$71+$G$34)*1000) -> 2.2175069 | I55: =(($I6*1000000000)+($K6*1000000000)+($J$73*$N$47*1000))/(($J$73+$G$34)*1000) -> 3.7800857 | J55: =(($I6*1000000000)+($K6*1000000000)+($J$73*$N$48*1000))/(($J$73+$G$34)*1000) -> 1.7635573
A56: =A55+1 -> 3 | B56: =B55+1 -> 2017 | C56: =((I7*1000000000)+(K7*1000000000)+($N$44*$N$45*1000))/(($N$44+$G$34)*1000) -> 1.4464703 | D56: =((I37*1000000)+(K37*1000000)+($N$44*$N$46*1000))/(($N$44+$G$34)*1000) -> 0.15980793 | E56: =I7+K7+($N$44*$N$45*1000/1000000000) -> 30.845273 | F56: =I37+K37+($N$44*$N$46*1000/1000000) -> 3407.8262 | G56: =(($I7*1000000000)+($K7*1000000000)+($J$71*$N$47*1000))/(($J$71+$G$34)*1000) -> 4.1956236 | H56: =(($I7*1000000000)+($K7*1000000000)+($J$71*$N$48*1000))/(($J$71+$G$34)*1000) -> 2.2456033 | I56: =(($I7*1000000000)+($K7*1000000000)+($J$73*$N$47*1000))/(($J$73+$G$34)*1000) -> 3.8019529 | J56: =(($I7*1000000000)+($K7*1000000000)+($J$73*$N$48*1000))/(($J$73+$G$34)*1000) -> 1.7854246
A57: =A56+1 -> 4 | B57: =B56+1 -> 2018 | C57: =((I8*1000000000)+(K8*1000000000)+($N$44*$N$45*1000))/(($N$44+$G$34)*1000) -> 1.4595597 | D57: =((I38*1000000)+(K38*1000000)+($N$44*$N$46*1000))/(($N$44+$G$34)*1000) -> 0.15989349 | E57: =I8+K8+($N$44*$N$45*1000/1000000000) -> 31.124398 | F57: =I38+K38+($N$44*$N$46*1000/1000000) -> 3409.6506 | G57: =(($I8*1000000000)+($K8*1000000000)+($J$71*$N$47*1000))/(($J$71+$G$34)*1000) -> 4.2237201 | H57: =(($I8*1000000000)+($K8*1000000000)+($J$71*$N$48*1000))/(($J$71+$G$34)*1000) -> 2.2736998 | I57: =(($I8*1000000000)+($K8*1000000000)+($J$73*$N$47*1000))/(($J$73+$G$34)*1000) -> 3.8238201 | J57: =(($I8*1000000000)+($K8*1000000000)+($J$73*$N$48*1000))/(($J$73+$G$34)*1000) -> 1.8072918
A58: =A57+1 -> 5 | B58: =B57+1 -> 2019 | C58: =((I9*1000000000)+(K9*1000000000)+($N$44*$N$45*1000))/(($N$44+$G$34)*1000) -> 1.472649 | D58: =((I39*1000000)+(K39*1000000)+($N$44*$N$46*1000))/(($N$44+$G$34)*1000) -> 0.15997904 | E58: =I9+K9+($N$44*$N$45*1000/1000000000) -> 31.403522 | F58: =I39+K39+($N$44*$N$46*1000/1000000) -> 3411.475 | G58: =(($I9*1000000000)+($K9*1000000000)+($J$71*$N$47*1000))/(($J$71+$G$34)*1000) -> 4.2518165 | H58: =(($I9*1000000000)+($K9*1000000000)+($J$71*$N$48*1000))/(($J$71+$G$34)*1000) -> 2.3017962 | I58: =(($I9*1000000000)+($K9*1000000000)+($J$73*$N$47*1000))/(($J$73+$G$34)*1000) -> 3.8456873 | J58: =(($I9*1000000000)+($K9*1000000000)+($J$73*$N$48*1000))/(($J$73+$G$34)*1000) -> 1.829159
A59: =A58+1 -> 6 | B59: =B58+1 -> 2020 | C59: =((I10*1000000000)+(K10*1000000000)+($N$44*$N$45*1000))/(($N$44+$G$34)*1000) -> 1.4857384 | D59: =((I40*1000000)+(K40*1000000)+($N$44*$N$46*1000))/(($N$44+$G$34)*1000) -> 0.1600646 | E59: =I10+K10+($N$44*$N$45*1000/1000000000) -> 31.682646 | F59: =I40+K40+($N$44*$N$46*1000/1000000) -> 3413.2995 | G59: =(($I10*1000000000)+($K10*1000000000)+($J$71*$N$47*1000))/(($J$71+$G$34)*1000) -> 4.2799129 | H59: =(($I10*1000000000)+($K10*1000000000)+($J$71*$N$48*1000))/(($J$71+$G$34)*1000) -> 2.3298926 | I59: =(($I10*1000000000)+($K10*1000000000)+($J$73*$N$47*1000))/(($J$73+$G$34)*1000) -> 3.8675545 | J59: =(($I10*1000000000)+($K10*1000000000)+($J$73*$N$48*1000))/(($J$73+$G$34)*1000) -> 1.8510262
A60: =A59+1 -> 7 | B60: =B59+1 -> 2021 | C60: =((I11*1000000000)+(K11*1000000000)+($N$44*$N$45*1000))/(($N$44+$G$34)*1000) -> 1.4988278 | D60: =((I41*1000000)+(K41*1000000)+($N$44*$N$46*1000))/(($N$44+$G$34)*1000) -> 0.16015015 | E60: =I11+K11+($N$44*$N$45*1000/1000000000) -> 31.961771 | F60: =I41+K41+($N$44*$N$46*1000/1000000) -> 3415.1239 | G60: =(($I11*1000000000)+($K11*1000000000)+($J$71*$N$47*1000))/(($J$71+$G$34)*1000) -> 4.3080094 | H60: =(($I11*1000000000)+($K11*1000000000)+($J$71*$N$48*1000))/(($J$71+$G$34)*1000) -> 2.3579891 | I60: =(($I11*1000000000)+($K11*1000000000)+($J$73*$N$47*1000))/(($J$73+$G$34)*1000) -> 3.8894218 | J60: =(($I11*1000000000)+($K11*1000000000)+($J$73*$N$48*1000))/(($J$73+$G$34)*1000) -> 1.8728934
A61: =A60+1 -> 8 | B61: =B60+1 -> 2022 | C61: =((I12*1000000000)+(K12*1000000000)+($N$44*$N$45*1000))/(($N$44+$G$34)*1000) -> 1.5119171 | D61: =((I42*1000000)+(K42*1000000)+($N$44*$N$46*1000))/(($N$44+$G$34)*1000) -> 0.16023571 | E61: =I12+K12+($N$44*$N$45*1000/1000000000) -> 32.240895 | F61: =I42+K42+($N$44*$N$46*1000/1000000) -> 3416.9483 | G61: =(($I12*1000000000)+($K12*1000000000)+($J$71*$N$47*1000))/(($J$71+$G$34)*1000) -> 4.3361058 | H61: =(($I12*1000000000)+($K12*1000000000)+($J$71*$N$48*1000))/(($J$71+$G$34)*1000) -> 2.3860855 | I61: =(($I12*1000000000)+($K12*1000000000)+($J$73*$N$47*1000))/(($J$73+$G$34)*1000) -> 3.911289 | J61: =(($I12*1000000000)+($K12*1000000000)+($J$73*$N$48*1000))/(($J$73+$G$34)*1000) -> 1.8947607
A62: =A61+1 -> 9 | B62: =B61+1 -> 2023 | C62: =((I13*1000000000)+(K13*1000000000)+($N$44*$N$45*1000))/(($N$44+$G$34)*1000) -> 1.5250065 | D62: =((I43*1000000)+(K43*1000000)+($N$44*$N$46*1000))/(($N$44+$G$34)*1000) -> 0.16032126 | E62: =I13+K13+($N$44*$N$45*1000/1000000000) -> 32.52002 | F62: =I43+K43+($N$44*$N$46*1000/1000000) -> 3418.7727 | G62: =(($I13*1000000000)+($K13*1000000000)+($J$71*$N$47*1000))/(($J$71+$G$34)*1000) -> 4.3642022 | H62: =(($I13*1000000000)+($K13*1000000000)+($J$71*$N$48*1000))/(($J$71+$G$34)*1000) -> 2.414182 | I62: =(($I13*1000000000)+($K13*1000000000)+($J$73*$N$47*1000))/(($J$73+$G$34)*1000) -> 3.9331562 | J62: =(($I13*1000000000)+($K13*1000000000)+($J$73*$N$48*1000))/(($J$73+$G$34)*1000) -> 1.9166279
A63: =A62+1 -> 10 | B63: =B62+1 -> 2024 | C63: =((I14*1000000000)+(K14*1000000000)+($N$44*$N$45*1000))/(($N$44+$G$34)*1000) -> 1.5380959 | D63: =((I44*1000000)+(K44*1000000)+($N$44*$N$46*1000))/(($N$44+$G$34)*1000) -> 0.16040682 | E63: =I14+K14+($N$44*$N$45*1000/1000000000) -> 32.799144 | F63: =I44+K44+($N$44*$N$46*1000/1000000) -> 3420.5971 | G63: =(($I14*1000000000)+($K14*1000000000)+($J$71*$N$47*1000))/(($J$71+$G$34)*1000) -> 4.3922987 | H63: =(($I14*1000000000)+($K14*1000000000)+($J$71*$N$48*1000))/(($J$71+$G$34)*1000) -> 2.4422784 | I63: =(($I14*1000000000)+($K14*1000000000)+($J$73*$N$47*1000))/(($J$73+$G$34)*1000) -> 3.9550234 | J63: =(($I14*1000000000)+($K14*1000000000)+($J$73*$N$48*1000))/(($J$73+$G$34)*1000) -> 1.9384951
A64: =A63+1 -> 11 | B64: =B63+1 -> 2025 | C64: =((I15*1000000000)+(K15*1000000000)+($N$44*$N$45*1000))/(($N$44+$G$34)*1000) -> 1.5511852 | D64: =((I45*1000000)+(K45*1000000)+($N$44*$N$46*1000))/(($N$44+$G$34)*1000) -> 0.16049237 | E64: =I15+K15+($N$44*$N$45*1000/1000000000) -> 33.078268 | F64: =I45+K45+($N$44*$N$46*1000/1000000) -> 3422.4215 | G64: =(($I15*1000000000)+($K15*1000000000)+($J$71*$N$47*1000))/(($J$71+$G$34)*1000) -> 4.4203951 | H64: =(($I15*1000000000)+($K15*1000000000)+($J$71*$N$48*1000))/(($J$71+$G$34)*1000) -> 2.4703748 | I64: =(($I15*1000000000)+($K15*1000000000)+($J$73*$N$47*1000))/(($J$73+$G$34)*1000) -> 3.9768906 | J64: =(($I15*1000000000)+($K15*1000000000)+($J$73*$N$48*1000))/(($J$73+$G$34)*1000) -> 1.9603623
A65: =A64+1 -> 12 | B65: =B64+1 -> 2026 | C65: =((I16*1000000000)+(K16*1000000000)+($N$44*$N$45*1000))/(($N$44+$G$34)*1000) -> 1.5642746 | D65: =((I46*1000000)+(K46*1000000)+($N$44*$N$46*1000))/(($N$44+$G$34)*1000) -> 0.16057793 | E65: =I16+K16+($N$44*$N$45*1000/1000000000) -> 33.357393 | F65: =I46+K46+($N$44*$N$46*1000/1000000) -> 3424.246 | G65: =(($I16*1000000000)+($K16*1000000000)+($J$71*$N$47*1000))/(($J$71+$G$34)*1000) -> 4.4484916 | H65: =(($I16*1000000000)+($K16*1000000000)+($J$71*$N$48*1000))/(($J$71+$G$34)*1000) -> 2.4984713 | I65: =(($I16*1000000000)+($K16*1000000000)+($J$73*$N$47*1000))/(($J$73+$G$34)*1000) -> 3.9987579 | J65: =(($I16*1000000000)+($K16*1000000000)+($J$73*$N$48*1000))/(($J$73+$G$34)*1000) -> 1.9822295
... A68: =A67+1 -> 15 | B68: =B67+1 -> 2029 | C68: =((I19*1000000000)+(K19*1000000000)+($N$44*$N$45*1000))/(($N$44+$G$34)*1000) -> 1.6035427 | D68: =((I49*1000000)+(K49*1000000)+($N$44*$N$46*1000))/(($N$44+$G$34)*1000) -> 0.16083459 | E68: =I19+K19+($N$44*$N$45*1000/1000000000) -> 34.194766 | F68: =I49+K49+($N$44*$N$46*1000/1000000) -> 3429.7192 | G68: =(($I19*1000000000)+($K19*1000000000)+($J$71*$N$47*1000))/(($J$71+$G$34)*1000) -> 4.5327809 | H68: =(($I19*1000000000)+($K19*1000000000)+($J$71*$N$48*1000))/(($J$71+$G$34)*1000) -> 2.5827606 | I68: =(($I19*1000000000)+($K19*1000000000)+($J$73*$N$47*1000))/(($J$73+$G$34)*1000) -> 4.0643595 | J68: =(($I19*1000000000)+($K19*1000000000)+($J$73*$N$48*1000))/(($J$73+$G$34)*1000) -> 2.0478312
A70: Normalår från verket 3.4 MT | C70: April | D70: Mai | E70: Juni | F70: Juli | G70: August | H70: September | I70: Oktober | J70: Mm3/sommar
C71: 1.43 | D71: 1.25 | E71: 1.31 | F71: 1.22 | G71: 1.36 | H71: 1.12 | I71: 0.92 | J71: =SUM(C71:I71)*1000000 -> 8610000
A72: Normalår från verket 3.4 MT
C73: 1.81 | D73: 1.67 | E73: 1.73 | F73: 1.66 | G73: 1.81 | H73: 1.49 | I73: 1.27 | J73: =SUM(C73:I73)*1000000 -> 11440000
A116: CHLORIDE | C116: Lake con. | D116: Sesonly conc./year | E116: Lake volume | F116: Lake volume | G116: Sesonly discharge | H116: Net Rainwater | I116: Ground water contribution | J116: Groundwater | K116: surface leaching | L116: surface area for leaching | M116: Leaching | N116: ground water
A117: # years | B117: ÅR | D117: mg/l | E117: Mm3 | F117: m3 | G117: m3/year | H117: m3/year | I117: kg/year | J117: m3/year | K117: kg/year | L117: m2 | M117: mg/m2/year | N117: mg/l
A118: 0 | B118: 2015 | C118: =(D118*G118+D120*F120)/F118 -> 26.69201 | D118: =(K118*1000/G118*1000)+(I118/G118*1000) -> 29.364946 | E118: =F118/1000000 -> 46.11264 | F118: =F119+H118+J118 -> 46112640 | G118: =H118+J118 -> 1017036 | H118: =6*60*60*24*365/1000 -> 189216 | I118: =J118*1000*$N118/1000000 -> 1556.3016 | J118: =45*60*60*24*365/1000*O$179 -> 827820 | K118: =L118*$M$118/1000000 -> 28.308906 | L118: 1048478 | M118: 27 | N118: 1.88
B119: 2015.5 | C119: =(D119*G119+D121*F121)/F119 -> 1.833361 | D119: =(K119*1000/G119*1000)+(I119/G119*1000) -> 1.88 | E119: =F119/1000000 -> 45.095604 | F119: =F120+H119+J119 -> 45095604 | G119: =H119+J119 -> 591300 | H119: 0 | I119: =J119*1000*$N119/1000000 -> 1111.644 | J119: =45*60*60*24*365/1000*O$180 -> 591300 | K119: =L119*M119/1000000 -> 0 | L119: 1048478 | M119: 0 | N119: =N118 -> 1.88
A120: =A118+1 -> 1 | B120: =B118+1 -> 2016 | C120: =(D120*G120+D122*F122)/F120 -> 24.682089 | D120: =(K120*1000/G120*1000)+(I120/G120*1000) -> 26.985566 | E120: =F120/1000000 -> 44.504304 | F120: =F121+H120+J120 -> 44504304 | G120: =H120+J120 -> 1118729.9 | H120: =H118+(H$19-H$4)/15 -> 195523.2 | I120: =J120*1000*$N120/1000000 -> 1735.6285 | J120: =J118+($J$185-$J$155)/15 -> 923206.67 | K120: =L120*$M$118/1000000 -> 28.45393 | L120: =L118+(L$19-L$4)/15 -> 1053849.3 | M120: 27 | N120: =N118 -> 1.88
B121: 2016.5 | C121: =(D121*G121+D123*F123)/F121 -> 1.8271161 | D121: =(K121*1000/G121*1000)+(I121/G121*1000) -> 1.88 | E121: =F121/1000000 -> 43.385574 | F121: =F122+H121+J121 -> 43385574 | G121: =H121+J121 -> 659433.33 | H121: 0 | I121: =J121*1000*$N121/1000000 -> 1239.7347 | J121: =J119+($J$186-$J$156)/15 -> 659433.33 | K121: =L121*M121/1000000 -> 0 | L121: =L119+(L$19-L$4)/15 -> 1053849.3 | M121: 0 | N121: =N119 -> 1.88
A122: =A120+1 -> 2 | B122: =B120+1 -> 2017 | C122: =(D122*G122+D124*F124)/F122 -> 22.975635 | D122: =(K122*1000/G122*1000)+(I122/G122*1000) -> 25.002718 | E122: =F122/1000000 -> 42.726141 | F122: =F123+H122+J122 -> 42726141 | G122: =H122+J122 -> 1220423.7 | H122: =H120+(H$19-H$4)/15 -> 201830.4 | I122: =J122*1000*$N122/1000000 -> 1914.9555 | J122: =J120+($J$185-$J$155)/15 -> 1018593.3 | K122: =L122*$M$118/1000000 -> 28.598954 | L122: =L120+(L$19-L$4)/15 -> 1059220.5 | M122: 27 | N122: =N120 -> 1.88
B123: =B122+0.5 -> 2017.5 | C123: =(D123*G123+D125*F125)/F123 -> 1.8201147 | D123: =(K123*1000/G123*1000)+(I123/G123*1000) -> 1.88 | E123: =F123/1000000 -> 41.505717 | F123: =F124+H123+J123 -> 41505717 | G123: =H123+J123 -> 727566.67 | H123: 0 | I123: =J123*1000*$N123/1000000 -> 1367.8253 | J123: =J121+($J$186-$J$156)/15 -> 727566.67 | K123: =L123*M123/1000000 -> 0 | L123: =L121+(L$19-L$4)/15 -> 1059220.5 | M123: 0 | N123: =N121 -> 1.88
A124: =A122+1 -> 3 | B124: =B122+1 -> 2018 | C124: =(D124*G124+D126*F126)/F124 -> 21.506308 | D124: =(K124*1000/G124*1000)+(I124/G124*1000) -> 23.3249 | E124: =F124/1000000 -> 40.77815 | F124: =F125+H124+J124 -> 40778150 | G124: =H124+J124 -> 1322117.6 | H124: =H122+(H$19-H$4)/15 -> 208137.6 | I124: =J124*1000*$N124/1000000 -> 2094.2824 | J124: =J122+($J$185-$J$155)/15 -> 1113980 | K124: =L124*$M$118/1000000 -> 28.743979 | L124: =L122+(L$19-L$4)/15 -> 1064591.8 | M124: 27 | N124: =N122 -> 1.88
B125: =B124+0.5 -> 2018.5 | C125: =(D125*G125+D127*F127)/F125 -> 1.8121583 | D125: =(K125*1000/G125*1000)+(I125/G125*1000) -> 1.88 | E125: =F125/1000000 -> 39.456033 | F125: =F126+H125+J125 -> 39456033 | G125: =H125+J125 -> 795700 | H125: 0 | I125: =J125*1000*$N125/1000000 -> 1495.916 | J125: =J123+($J$186-$J$156)/15 -> 795700 | K125: =L125*M125/1000000 -> 0 | L125: =L123+(L$19-L$4)/15 -> 1064591.8 | M125: 0 | N125: =N123 -> 1.88
A126: =A124+1 -> 4 | B126: =B124+1 -> 2019 | C126: =(D126*G126+D128*F128)/F126 -> 20.225061 | D126: =(K126*1000/G126*1000)+(I126/G126*1000) -> 21.886755 | E126: =F126/1000000 -> 38.660333 | F126: =F127+H126+J126 -> 38660333 | G126: =H126+J126 -> 1423811.5 | H126: =H124+(H$19-H$4)/15 -> 214444.8 | I126: =J126*1000*$N126/1000000 -> 2273.6093 | J126: =J124+($J$185-$J$155)/15 -> 1209366.7 | K126: =L126*$M$118/1000000 -> 28.889003 | L126: =L124+(L$19-L$4)/15 -> 1069963.1 | M126: 27 | N126: =N124 -> 1.88
B127: =B126+0.5 -> 2019.5 | C127: =(D127*G127+D129*F129)/F127 -> 1.8029802 | D127: =(K127*1000/G127*1000)+(I127/G127*1000) -> 1.88 | E127: =F127/1000000 -> 37.236521 | F127: =F128+H127+J127 -> 37236521 | G127: =H127+J127 -> 863833.33 | H127: 0 | I127: =J127*1000*$N127/1000000 -> 1624.0067 | J127: =J125+($J$186-$J$156)/15 -> 863833.33 | K127: =L127*M127/1000000 -> 0 | L127: =L125+(L$19-L$4)/15 -> 1069963.1 | M127: 0 | N127: =N125 -> 1.88
A128: =A126+1 -> 5 | B128: =B126+1 -> 2020 | C128: =(D128*G128+D130*F130)/F128 -> 19.09456 | D128: =(K128*1000/G128*1000)+(I128/G128*1000) -> 20.64035 | E128: =F128/1000000 -> 36.372688 | F128: =F129+H128+J128 -> 36372688 | G128: =H128+J128 -> 1525505.3 | H128: =H126+(H$19-H$4)/15 -> 220752 | I128: =J128*1000*$N128/1000000 -> 2452.9363 | J128: =J126+($J$185-$J$155)/15 -> 1304753.3 | K128: =L128*$M$118/1000000 -> 29.034027 | L128: =L126+(L$19-L$4)/15 -> 1075334.3 | M128: 27 | N128: =N126 -> 1.88
B129: =B128+0.5 -> 2020.5 | C129: =(D129*G129+D131*F131)/F129 -> 1.7922129 | D129: =(K129*1000/G129*1000)+(I129/G129*1000) -> 1.88 | E129: =F129/1000000 -> 34.847183 | F129: =F130+H129+J129 -> 34847183 | G129: =H129+J129 -> 931966.67 | H129: 0 | I129: =J129*1000*$N129/1000000 -> 1752.0973 | J129: =J127+($J$186-$J$156)/15 -> 931966.67 | K129: =L129*M129/1000000 -> 0 | L129: =L127+(L$19-L$4)/15 -> 1075334.3 | M129: 0 | N129: =N127 -> 1.88
A130: =A128+1 -> 6 | B130: =B128+1 -> 2021 | C130: =(D130*G130+D132*F132)/F130 -> 18.085482 | D130: =(K130*1000/G130*1000)+(I130/G130*1000) -> 19.549736 | E130: =F130/1000000 -> 33.915216 | F130: =F131+H130+J130 -> 33915216 | G130: =H130+J130 -> 1627199.2 | H130: =H128+(H$19-H$4)/15 -> 227059.2 | I130: =J130*1000*$N130/1000000 -> 2632.2632 | J130: =J128+($J$185-$J$155)/15 -> 1400140 | K130: =L130*$M$118/1000000 -> 29.179051 | L130: =L128+(L$19-L$4)/15 -> 1080705.6 | M130: 27 | N130: =N128 -> 1.88
B131: =B130+0.5 -> 2021.5 | C131: =(D131*G131+D133*F133)/F131 -> 1.7793336 | D131: =(K131*1000/G131*1000)+(I131/G131*1000) -> 1.88 | E131: =F131/1000000 -> 32.288017 | F131: =F132+H131+J131 -> 32288017 | G131: =H131+J131 -> 1000100 | H131: 0 | I131: =J131*1000*$N131/1000000 -> 1880.188 | J131: =J129+($J$186-$J$156)/15 -> 1000100 | K131: =L131*M131/1000000 -> 0 | L131: =L129+(L$19-L$4)/15 -> 1080705.6 | M131: 0 | N131: =N129 -> 1.88
A132: =A130+1 -> 7 | B132: =B130+1 -> 2022 | C132: =(D132*G132+D134*F134)/F132 -> 17.173886 | D132: =(K132*1000/G132*1000)+(I132/G132*1000) -> 18.587422 | E132: =F132/1000000 -> 31.287917 | F132: =F133+H132+J132 -> 31287917 | G132: =H132+J132 -> 1728893.1 | H132: =H130+(H$19-H$4)/15 -> 233366.4 | I132: =J132*1000*$N132/1000000 -> 2811.5901 | J132: =J130+($J$185-$J$155)/15 -> 1495526.7 | K132: =L132*$M$118/1000000 -> 29.324075 | L132: =L130+(L$19-L$4)/15 -> 1086076.9 | M132: 27 | N132: =N130 -> 1.88
B133: =B132+0.5 -> 2022.5 | C133: =(D133*G133+D135*F135)/F133 -> 1.7635718 | D133: =(K133*1000/G133*1000)+(I133/G133*1000) -> 1.88 | E133: =F133/1000000 -> 29.559024 | F133: =F134+H133+J133 -> 29559024 | G133: =H133+J133 -> 1068233.3 | H133: 0 | I133: =J133*1000*$N133/1000000 -> 2008.2787 | J133: =J131+($J$186-$J$156)/15 -> 1068233.3 | K133: =L133*M133/1000000 -> 0 | L133: =L131+(L$19-L$4)/15 -> 1086076.9 | M133: 0 | N133: =N131 -> 1.88 | O133: 3871920 | P133: Grundvannte BergAB20130906
A134: =A132+1 -> 8 | B134: =B132+1 -> 2023 | C134: =(D134*G134+D136*F136)/F134 -> 16.339122 | D134: =(K134*1000/G134*1000)+(I134/G134*1000) -> 17.732027 | E134: =F134/1000000 -> 28.49079 | F134: =F135+H134+J134 -> 28490790 | G134: =H134+J134 -> 1830586.9 | H134: =H132+(H$19-H$4)/15 -> 239673.6 | I134: =J134*1000*$N134/1000000 -> 2990.9171 | J134: =J132+($J$185-$J$155)/15 -> 1590913.3 | K134: =L134*$M$118/1000000 -> 29.4691 | L134: =L132+(L$19-L$4)/15 -> 1091448.1 | M134: 27 | N134: =N132 -> 1.88 | O134: 118000000 | P134: Total Lake volume after refilling
B135: =B134+0.5 -> 2023.5 | C135: =(D135*G135+D137*F137)/F135 -> 1.7437412 | D135: =(K135*1000/G135*1000)+(I135/G135*1000) -> 1.88 | E135: =F135/1000000 -> 26.660203 | F135: =F136+H135+J135 -> 26660203 | G135: =H135+J135 -> 1136366.7 | H135: 0 | I135: =J135*1000*$N135/1000000 -> 2136.3693 | J135: =J133+($J$186-$J$156)/15 -> 1136366.7 | K135: =L135*M135/1000000 -> 0 | L135: =L133+(L$19-L$4)/15 -> 1091448.1 | M135: 0 | N135: =N133 -> 1.88 | O135: 2932848 | P135: Grundvatten - bottom nytt Leveniemi, Bergab2012
A136: =A134+1 -> 9 | B136: =B134+1 -> 2024 | C136: =(D136*G136+D138*F138)/F136 -> 15.561819 | D136: =(K136*1000/G136*1000)+(I136/G136*1000) -> 16.966669 | E136: =F136/1000000 -> 25.523837 | F136: =F137+H136+J136 -> 25523837 | G136: =H136+J136 -> 1932280.8 | H136: =H134+(H$19-H$4)/15 -> 245980.8 | I136: =J136*1000*$N136/1000000 -> 3170.244 | J136: =J134+($J$185-$J$155)/15 -> 1686300 | K136: =L136*$M$118/1000000 -> 29.614124 | L136: =L134+(L$19-L$4)/15 -> 1096819.4 | M136: 27 | N136: =N134 -> 1.88 | O136: 283824 | P136: Grundvannte BergAB20130906
B137: =B136+0.5 -> 2024.5 | C137: =(D137*G137+D139*F139)/F137 -> 1.7179135 | D137: =(K137*1000/G137*1000)+(I137/G137*1000) -> 1.88 | E137: =F137/1000000 -> 23.591556 | F137: =F138+H137+J137 -> 23591556 | G137: =H137+J137 -> 1204500 | H137: 0 | I137: =J137*1000*$N137/1000000 -> 2264.46 | J137: =J135+($J$186-$J$156)/15 -> 1204500 | K137: =L137*M137/1000000 -> 0 | L137: =L135+(L$19-L$4)/15 -> 1096819.4 | M137: 0 | N137: =N135 -> 1.88 | O137: =6*60*60*24*365/1000 -> 189216 | P137: Regnvann Miljøbyrån 2010
A138: =A136+1 -> 10 | B138: =B136+1 -> 2025 | C138: =(D138*G138+D140*F140)/F138 -> 14.821323 | D138: =(K138*1000/G138*1000)+(I138/G138*1000) -> 16.277842 | E138: =F138/1000000 -> 22.387056 | F138: =F139+H138+J138 -> 22387056 | G138: =H138+J138 -> 2033974.7 | H138: =H136+(H$19-H$4)/15 -> 252288 | I138: =J138*1000*$N138/1000000 -> 3349.5709 | J138: =J136+($J$185-$J$155)/15 -> 1781686.7 | K138: =L138*$M$118/1000000 -> 29.759148 | L138: =L136+(L$19-L$4)/15 -> 1102190.7 | M138: 27 | N138: =N136 -> 1.88 | O138: =36*60*60*24*365/1000 -> 1135296 | P138: Grundvatten 1983 - Miljøbyrån 2010
B139: =B138+0.5 -> 2025.5 | C139: =(D139*G139+D141*F141)/F139 -> 1.6827298 | D139: =(K139*1000/G139*1000)+(I139/G139*1000) -> 1.88 | E139: =F139/1000000 -> 20.353081 | F139: =F140+H139+J139 -> 20353081 | G139: =H139+J139 -> 1272633.3 | H139: 0 | I139: =J139*1000*$N139/1000000 -> 2392.5507 | J139: =J137+($J$186-$J$156)/15 -> 1272633.3 | K139: =L139*M139/1000000 -> 0 | L139: =L137+(L$19-L$4)/15 -> 1102190.7 | M139: 0 | N139: =N137 -> 1.88 | O139: =18*60*60*24*365/1000 -> 567648 | P139: Grundvatten 2010 - Miljøbyrån 2010
A140: =A138+1 -> 11 | B140: =B138+1 -> 2026 | C140: =(D140*G140+D142*F142)/F140 -> 14.091236 | D140: =(K140*1000/G140*1000)+(I140/G140*1000) -> 15.654616 | E140: =F140/1000000 -> 19.080448 | F140: =F141+H140+J140 -> 19080448 | G140: =H140+J140 -> 2135668.5 | H140: =H138+(H$19-H$4)/15 -> 258595.2 | I140: =J140*1000*$N140/1000000 -> 3528.8979 | J140: =J138+($J$185-$J$155)/15 -> 1877073.3 | K140: =L140*$M$118/1000000 -> 29.904172 | L140: =L138+(L$19-L$4)/15 -> 1107561.9 | M140: 27 | N140: =N138 -> 1.88 | O140: 1129047 | P140: Bergyte ved nivå 55
B141: =B140+0.5 -> 2026.5 | C141: =(D141*G141+D143*F143)/F141 -> 1.6317677 | D141: =(K141*1000/G141*1000)+(I141/G141*1000) -> 1.88 | E141: =F141/1000000 -> 16.944779 | F141: =F142+H141+J141 -> 16944779 | G141: =H141+J141 -> 1340766.7 | H141: 0 | I141: =J141*1000*$N141/1000000 -> 2520.6413 | J141: =J139+($J$186-$J$156)/15 -> 1340766.7 | K141: =L141*M141/1000000 -> 0 | L141: =L139+(L$19-L$4)/15 -> 1107561.9 | M141: 0 | N141: =N139 -> 1.88 | O141: 1048478 | P141: Bergyte ved nivå 325
A142: =A140+1 -> 12 | B142: =B140+1 -> 2027 | C142: =(D142*G142+D144*F144)/F142 -> 13.329305 | D142: =(K142*1000/G142*1000)+(I142/G142*1000) -> 15.088043 | E142: =F142/1000000 -> 15.604013 | F142: =F143+H142+J142 -> 15604013 | G142: =H142+J142 -> 2237362.4 | H142: =H140+(H$19-H$4)/15 -> 264902.4 | I142: =J142*1000*$N142/1000000 -> 3708.2248 | J142: =J140+($J$185-$J$155)/15 -> 1972460 | K142: =L142*$M$118/1000000 -> 30.049196 | L142: =L140+(L$19-L$4)/15 -> 1112933.2 | M142: 27 | N142: =N140 -> 1.88 | O142: =7/12 -> 0.58333333 | P142: 7 months
B143: =B142+0.5 -> 2027.5 | C143: =(D143*G143+D145*F145)/F143 -> 1.5510151 | D143: =(K143*1000/G143*1000)+(I143/G143*1000) -> 1.88 | E143: =F143/1000000 -> 13.36665 | F143: =F144+H143+J143 -> 13366650 | G143: =H143+J143 -> 1408900 | H143: 0 | I143: =J143*1000*$N143/1000000 -> 2648.732 | J143: =J141+($J$186-$J$156)/15 -> 1408900 | K143: =L143*M143/1000000 -> 0 | L143: =L141+(L$19-L$4)/15 -> 1112933.2 | M143: 0 | N143: =N141 -> 1.88 | O143: =5/12 -> 0.41666667 | P143: 5 months
A144: =A142+1 -> 13 | B144: =B142+1 -> 2028 | C144: =(D144*G144+D146*F146)/F144 -> 12.448076 | D144: =(K144*1000/G144*1000)+(I144/G144*1000) -> 14.570736 | E144: =F144/1000000 -> 11.95775 | F144: =F145+H144+J144 -> 11957750 | G144: =H144+J144 -> 2339056.3 | H144: =H142+(H$19-H$4)/15 -> 271209.6 | I144: =J144*1000*$N144/1000000 -> 3887.5517 | J144: =J142+($J$185-$J$155)/15 -> 2067846.7 | K144: =L144*$M$118/1000000 -> 30.194221 | L144: =L142+(L$19-L$4)/15 -> 1118304.5 | M144: 27 | N144: =N142 -> 1.88 | O144: 1860 kg/sommer | P144: 2.4 mg/l NH3
B145: =B144+0.5 -> 2028.5 | C145: =(D145*G145+D147*F147)/F145 -> 1.4029487 | D145: =(K145*1000/G145*1000)+(I145/G145*1000) -> 1.88 | E145: =F145/1000000 -> 9.6186941 | F145: =F146+H145+J145 -> 9618694.1 | G145: =H145+J145 -> 1477033.3 | H145: 0 | I145: =J145*1000*$N145/1000000 -> 2776.8227 | J145: =J143+($J$186-$J$156)/15 -> 1477033.3 | K145: =L145*M145/1000000 -> 0 | L145: =L143+(L$19-L$4)/15 -> 1118304.5 | M145: 0 | N145: =N143 -> 1.88
A146: =A144+1 -> 14 | B146: =B144+1 -> 2029 | C146: =(D146*G146+D148*F148)/F146 -> 11.19854 | D146: =(K146*1000/G146*1000)+(I146/G146*1000) -> 14.096537 | E146: =F146/1000000 -> 8.1416608 | F146: =F147+H146+J146 -> 8141660.8 | G146: =H146+J146 -> 2440750.1 | H146: =H144+(H$19-H$4)/15 -> 277516.8 | I146: =J146*1000*$N146/1000000 -> 4066.8787 | J146: =J144+($J$185-$J$155)/15 -> 2163233.3 | K146: =L146*$M$118/1000000 -> 30.339245 | L146: =L144+(L$19-L$4)/15 -> 1123675.7 | M146: 27 | N146: =N144 -> 1.88
B147: =B146+0.5 -> 2029.5 | C147: =(D147*G147+D149*F149)/F147 -> 1.0415735 | D147: =(K147*1000/G147*1000)+(I147/G147*1000) -> 1.88 | E147: =F147/1000000 -> 5.7009107 | F147: =F148+H147+J147 -> 5700910.7 | G147: =H147+J147 -> 1545166.7 | H147: 0 | I147: =J147*1000*$N147/1000000 -> 2904.9133 | J147: =J145+($J$186-$J$156)/15 -> 1545166.7 | K147: =L147*M147/1000000 -> 0 | L147: =L145+(L$19-L$4)/15 -> 1123675.7 | M147: 0 | N147: =N145 -> 1.88
A148: =A146+1 -> 15 | B148: =B146+1 -> 2030 | C148: =(D148*G148+D149*F149)/F148 -> 9.087056 | D148: =(K148*1000/G148*1000)+(I148/G148*1000) -> 13.660271 | E148: =F148/1000000 -> 4.155744 | F148: =F149+H148+J148 -> 4155744 | G148: =H148+J148 -> 2542444 | H148: =H146+(H$19-H$4)/15 -> 283824 | I148: =J148*1000*$N148/1000000 -> 4246.2056 | J148: =O133*O142 -> 2258620 | K148: =L148*$M$118/1000000 -> 30.484269 | L148: =L146+(L$19-L$4)/15 -> 1129047 | M148: 27 | N148: =N146 -> 1.88
B149: =B148+0.5 -> 2030.5 | C149: =(D149*G149+#REF!*#REF!)/F149 -> #REF! | D149: =(K149*1000/G149*1000)+(I149/G149*1000) -> 1.88 | E149: =F149/1000000 -> 1.6133 | F149: =F150+H149+J149 -> 1613300 | G149: =H149+J149 -> 1613300 | H149: 0 | I149: =J149*1000*$N149/1000000 -> 3033.004 | J149: =O133*O143 -> 1613300 | K149: =L149*M149/1000000 -> 0 | L149: =L147+(L$19-L$4)/15 -> 1129047 | M149: 0 | N149: =N147 -> 1.88
...

Sheet Mod after closure
A1: Leveaniemi pit lake water quality prediction
C2: COPPER Lake conc. | D2: Mean Copper conc./year | E2: Lake volume | F2: Lake volume | G2: Yearly discharge | H2: Net Rainwater | I2: Groundwater contribution | J2: Groundwater | K2: surface leaching | L2: Ratio GW change | N2: Neg. Expon. surface area for leaching | O2: Linear surface area for leaching | P2: Leaching | Q2: ground water
A3: # years | B3: ÅR | D3: ug/l | E3: Mm3 | F3: m3 | G3: m3/year | H3: m3/year | I3: kg/year | J3: m3/year | K3: kg/year | N3: m2 | O3: m2 | P3: mg/m2/year | Q3: ug/l
A4: 0 | B4: 2029 | C4: =(D4*G4)/F4 -> 5.7424186 | D4: =(M4+I4)*1000/G4*1000 -> 5.7424186 | E4: =F4/1000000 -> 3.847392 | F4: =H4+J4 -> 3847392 | G4: =H4+J4 -> 3847392 | H4: 283824 | I4: =J4*1000*$Q$4/1000000000 -> 0.64144224 | J4: 3563568 | K4: =N4*$P$4/1000000 -> 21.451893 | M4: =P4*$N$4/1000000 -> 21.451893 | N4: 1129047 | O4: 1129047 | P4: 19 | Q4: 0.18 | X4: BERGAB
A5: =A4+1 -> 1 | B5: =B4+1 -> 2030 | C5: =(D5*G5+D4*F4)/F5 -> 10.976658 | D5: =(K5+I5)*1000/G5*1000 -> 5.7015828 | E5: =F5/1000000 -> 3.847392 | F5: =H4+J4 -> 3847392 | G5: =H5+J5 -> 3532032 | H5: =$P$21 -> 283824 | I5: =J5*1000*$Q$4/1000000000 -> 0.58467744 | J5: 3248208 | K5: =N5*$P$4/1000000 -> 19.553495 | L5: =J5/J4 -> 0.91150442 | M5: =N5*$P$4/1000000 -> 19.553495 | N5: =O4*L5 -> 1029131.3 | O5: =O4+(O$154-O$4)/150 -> 1122453.4 | U5: 2014
A6: =A5+1 -> 2 | B6: =B5+1 -> 2031 | C6: =(D6*G6+D5*F5)/F6 -> 5.8265511 | D6: =(K6+I6)*1000/G6*1000 -> 6.1835173 | E6: =F6/1000000 -> 7.379424 | F6: =F5+H5+J5 -> 7379424 | G6: =H6+J6 -> 3405888 | H6: =$P$21 -> 283824 | I6: =J6*1000*$Q$4/1000000000 -> 0.56197152 | J6: 3122064 | K6: =N6*$P$4/1000000 -> 20.498396 | L6: =J6/J5 -> 0.96116505 | M6: =N6*$P$4/1000000 -> 20.498396 | N6: =O5*L6 -> 1078862.9 | O6: =O5+(O$154-O$4)/150 -> 1115859.7 | P6: NIVÅ | Q6: L/s | S6: Mm3/year | T6: Volum m3 | U6: Year | X6: Level | Y6: Groundwater | AA6: Rainwater (9 l/s) | AB6: Total | AC6: Lake volume | AE6: Filling time
A7: =A6+1 -> 3 | B7: =B6+1 -> 2032 | C7: =(D7*G7+D6*F6)/F7 -> 6.0652505 | D7: =(K7+I7)*1000/G7*1000 -> 6.3370974 | E7: =F7/1000000 -> 10.785312 | F7: =F6+H6+J6 -> 10785312 | G7: =H7+J7 -> 3122064 | H7: =$P$21 -> 283824 | I7: =J7*1000*$Q$4/1000000000 -> 0.5108832 | J7: 2838240 | K7: =N7*$P$4/1000000 -> 19.27394 | L7: =J7/J6 -> 0.90909091 | M7: =N7*$P$4/1000000 -> 19.27394 | N7: =O6*L7 -> 1014417.9 | O7: =O6+(O$154-O$4)/150 -> 1109266.1 | P7: 340 | Q7: 5 | R7: =Q7*60*60*24*365/1000 -> 157680 | S7: =Q7*60*60*24*365/1000000000 -> 0.15768 | T7: 116805 | U7: 150 | V7: =2029+U7 -> 2179 | Y7: l/s | Z7: m3/year | AA7: m3/year | AB7: m3/year | AC7: acc. m3 | AD7: difference m3 | AE7: years | AF7: acc. Years
A8: =A7+1 -> 4 | B8: =B7+1 -> 2033 | C8: =(D8*G8+D7*F7)/F8 -> 6.4091885 | D8: =(K8+I8)*1000/G8*1000 -> 6.8902247 | E8: =F8/1000000 -> 13.907376 | F8: =F7+H7+J7 -> 13907376 | G8: =H8+J8 -> 3016944 | H8: =$P$21 -> 283824 | I8: =J8*1000*$Q$4/1000000000 -> 0.4919616 | J8: =J7+(J$10-J$7)/3 -> 2733120 | K8: =N8*$P$4/1000000 -> 20.295461 | L8: =J8/J7 -> 0.96296296 | M8: =N8*$P$4/1000000 -> 20.295461 | N8: =O7*L8 -> 1068182.1 | O8: =O7+(O$154-O$4)/150 -> 1102672.4 | P8: 310 | Q8: 17 | R8: =Q8*60*60*24*365/1000 -> 536112 | S8: =Q8*60*60*24*365/1000000000 -> 0.536112 | T8: 93047 | U8: 75 | V8: =2029+U8 -> 2104 | X8: 340 | Y8: 0 | Z8: =Y8*3600*24*365/1000 -> 0 | AA8: =9*3600*24*365/1000 -> 283824 | AB8: =Z8+AA8 -> 283824 | AC8: 116805000 | AD8: 23758000 | AE8: =AD8/AB8 -> 83.706804 | AF8: =AE8+AF9 -> 146.4923
A9: =A8+1 -> 5 | B9: =B8+1 -> 2034 | C9: =(D9*G9+D8*F8)/F9 -> 6.8802151 | D9: =(K9+I9)*1000/G9*1000 -> 7.0807909 | E9: =F9/1000000 -> 16.92432 | F9: =F8+H8+J8 -> 16924320 | G9: =H9+J9 -> 2911824 | H9: =$P$21 -> 283824 | I9: =J9*1000*$Q$4/1000000000 -> 0.47304 | J9: =J8+(J$10-J$7)/3 -> 2628000 | K9: =N9*$P$4/1000000 -> 20.144977 | L9: =J9/J8 -> 0.96153846 | M9: =N9*$P$4/1000000 -> 20.144977 | N9: =O8*L9 -> 1060261.9 | O9: =O8+(O$154-O$4)/150 -> 1096078.8 | P9: 280 | Q9: 32 | R9: =Q9*60*60*24*365/1000 -> 1009152 | S9: =Q9*60*60*24*365/1000000000 -> 1.009152 | T9: 72479 | U9: 48 | V9: =2029+U9 -> 2077 | X9: 310 | Y9: 17 | Z9: =Y9*3600*24*365/1000 -> 536112 | AA9: =9*3600*24*365/1000 -> 283824 | AB9: =Z9+AA9 -> 819936 | AC9: 93047000 | AD9: 20568000 | AE9: =AD9/AB9 -> 25.084885 | AF9: =AE9+AF10 -> 62.785497
A10: =A9+1 -> 6 | B10: =B9+1 -> 2035 | C10: =(D10*G10+D9*F9)/F10 -> 7.072149 | D10: =(K10+I10)*1000/G10*1000 -> 7.2849132 | E10: =F10/1000000 -> 19.836144 | F10: =F9+H9+J9 -> 19836144 | G10: =H10+J10 -> 2806704 | H10: =$P$21 -> 283824 | I10: =J10*1000*$Q$4/1000000000 -> 0.4541184 | J10: 2522880 | K10: =N10*$P$4/1000000 -> 19.992477 | L10: =J10/J9 -> 0.96 | M10: =N10*$P$4/1000000 -> 19.992477 | N10: =O9*L10 -> 1052235.6 | O10: =O9+(O$154-O$4)/150 -> 1089485.1 | P10: 250 | Q10: 46 | R10: =Q10*60*60*24*365/1000 -> 1450656 | S10: =Q10*60*60*24*365/1000000000 -> 1.450656 | T10: 54889 | U10: 33 | V10: =2029+U10 -> 2062 | X10: 280 | Y10: 32 | Z10: =Y10*3600*24*365/1000 -> 1009152 | AA10: =9*3600*24*365/1000 -> 283824 | AB10: =Z10+AA10 -> 1292976 | AC10: 72479000 | AD10: 17589000 | AE10: =AD10/AB10 -> 13.603501 | AF10: =AE10+AF11 -> 37.700612
A11: =A10+1 -> 7 | B11: =B10+1 -> 2036 | C11: =(D11*G11+D10*F10)/F11 -> 7.2869743 | D11: =(K11+I11)*1000/G11*1000 -> 6.732258 | E11: =F11/1000000 -> 22.642848 | F11: =F10+H10+J10 -> 22642848 | G11: =H11+J11 -> 3044040 | H11: 600000 | I11: =J11*1000*$Q$4/1000000000 -> 0.4399272 | J11: =J10+(J$14-J$10)/4 -> 2444040 | K11: =N11*$P$4/1000000 -> 20.053335 | L11: =J11/J10 -> 0.96875 | M11: =N11*$P$4/1000000 -> 20.053335 | N11: =O10*L11 -> 1055438.7 | O11: =O10+(O$154-O$4)/150 -> 1082891.5 | P11: 220 | Q11: 58 | R11: =Q11*60*60*24*365/1000 -> 1829088 | S11: =Q11*60*60*24*365/1000000000 -> 1.829088 | T11: 40096 | U11: 23 | V11: =2029+U11 -> 2052 | X11: 250 | Y11: 46 | Z11: =Y11*3600*24*365/1000 -> 1450656 | AA11: =9*3600*24*365/1000 -> 283824 | AB11: =Z11+AA11 -> 1734480 | AC11: 54889000 | AD11: 14793000 | AE11: =AD11/AB11 -> 8.528781 | AF11: =AE11+AF12 -> 24.097111
A12: =A11+1 -> 8 | B12: =B11+1 -> 2037 | C12: =(D12*G12+D11*F11)/F12 -> 6.7261733 | D12: =(K12+I12)*1000/G12*1000 -> 6.8585479 | E12: =F12/1000000 -> 25.686888 | F12: =F11+H11+J11 -> 25686888 | G12: =H12+J12 -> 2965200 | H12: 600000 | I12: =J12*1000*$Q$4/1000000000 -> 0.425736 | J12: =J11+(J$14-J$10)/4 -> 2365200 | K12: =N12*$P$4/1000000 -> 19.91123 | L12: =J12/J11 -> 0.96774194 | M12: =N12*$P$4/1000000 -> 19.91123 | N12: =O11*L12 -> 1047959.5 | O12: =O11+(O$154-O$4)/150 -> 1076297.8 | P12: 190 | Q12: 70 | R12: =Q12*60*60*24*365/1000 -> 2207520 | S12: =Q12*60*60*24*365/1000000000 -> 2.20752 | T12: 27965 | U12: 16 | V12: =2029+U12 -> 2045 | X12: 220 | Y12: 58 | Z12: =Y12*3600*24*365/1000 -> 1829088 | AA12: =9*3600*24*365/1000 -> 283824 | AB12: =Z12+AA12 -> 2112912 | AC12: 40096000 | AD12: 12131000 | AE12: =AD12/AB12 -> 5.7413655 | AF12: =AE12+AF13 -> 15.56833
A13: =A12+1 -> 9 | B13: =B12+1 -> 2038 | C13: =(D13*G13+D12*F12)/F13 -> 6.8530538 | D13: =(K13+I13)*1000/G13*1000 -> 7.8514022 | E13: =F13/1000000 -> 28.652088 | F13: =F12+H12+J12 -> 28652088 | G13: =H13+J13 -> 2570184 | H13: =$P$21 -> 283824 | I13: =J13*1000*$Q$4/1000000000 -> 0.4115448 | J13: =J12+(J$14-J$10)/4 -> 2286360 | K13: =N13*$P$4/1000000 -> 19.768003 | L13: =J13/J12 -> 0.96666667 | M13: =N13*$P$4/1000000 -> 19.768003 | N13: =O12*L13 -> 1040421.2 | O13: =O12+(O$154-O$4)/150 -> 1069704.2 | P13: 160 | Q13: 80 | R13: =Q13*60*60*24*365/1000 -> 2522880 | S13: =Q13*60*60*24*365/1000000000 -> 2.52288 | T13: 18194 | U13: 10 | V13: =2029+U13 -> 2039 | X13: 190 | Y13: 70 | Z13: =Y13*3600*24*365/1000 -> 2207520 | AA13: =9*3600*24*365/1000 -> 283824 | AB13: =Z13+AA13 -> 2491344 | AC13: 27965000 | AD13: 9771000 | AE13: =AD13/AB13 -> 3.9219795 | AF13: =AE13+AF14 -> 9.8269649
A14: =A13+1 -> 10 | B14: =B13+1 -> 2039 | C14: =(D14*G14+D13*F13)/F14 -> 7.8463207 | D14: =(K14+I14)*1000/G14*1000 -> 8.0361814 | E14: =F14/1000000 -> 31.222272 | F14: =F13+H13+J13 -> 31222272 | G14: =H14+J14 -> 2491344 | H14: =$P$21 -> 283824 | I14: =J14*1000*$Q$4/1000000000 -> 0.3973536 | J14: 2207520 | K14: =N14*$P$4/1000000 -> 19.623539 | L14: =J14/J13 -> 0.96551724 | M14: =N14*$P$4/1000000 -> 19.623539 | N14: =O13*L14 -> 1032817.8 | O14: =O13+(O$154-O$4)/150 -> 1063110.5 | P14: 130 | Q14: 90 | R14: =Q14*60*60*24*365/1000 -> 2838240 | S14: =Q14*60*60*24*365/1000000000 -> 2.83824 | T14: 10671 | U14: 5 | V14: =2029+U14 -> 2034 | X14: 160 | Y14: 80 | Z14: =Y14*3600*24*365/1000 -> 2522880 | AA14: =9*3600*24*365/1000 -> 283824 | AB14: =Z14+AA14 -> 2806704 | AC14: 18194000 | AD14: 7523000 | AE14: =AD14/AB14 -> 2.6803681 | AF14: =AE14+AF15 -> 5.9049855
A15: =A14+1 -> 11 | B15: =B14+1 -> 2040 | C15: =(D15*G15+D14*F14)/F15 -> 8.0357985 | D15: =(K15+I15)*1000/G15*1000 -> 8.2395974 | E15: =F15/1000000 -> 33.713616 | F15: =F14+H14+J14 -> 33713616 | G15: =H15+J15 -> 2428272 | H15: =$P$21 -> 283824 | I15: =J15*1000*$Q$4/1000000000 -> 0.38600064 | J15: =J14+(J$20-J$14)/6 -> 2144448 | K15: =N15*$P$4/1000000 -> 19.621983 | L15: =J15/J14 -> 0.97142857 | M15: =N15*$P$4/1000000 -> 19.621983 | N15: =O14*L15 -> 1032735.9 | O15: =O14+(O$154-O$4)/150 -> 1056516.9 | P15: 100 | Q15: 99 | R15: =Q15*60*60*24*365/1000 -> 3122064 | S15: =Q15*60*60*24*365/1000000000 -> 3.122064 | T15: 5226 | U15: 3 | V15: =2029+U15 -> 2032 | X15: 130 | Y15: 90 | Z15: =Y15*3600*24*365/1000 -> 2838240 | AA15: =9*3600*24*365/1000 -> 283824 | AB15: =Z15+AA15 -> 3122064 | AC15: 10671000 | AD15: 5445000 | AE15: =AD15/AB15 -> 1.7440386 | AF15: =AE15+AF16 -> 3.2246173
A16: =A15+1 -> 12 | B16: =B15+1 -> 2041 | C16: =(D16*G16+D15*F15)/F16 -> 8.2354492 | D16: =(K16+I16)*1000/G16*1000 -> 8.3959335 | E16: =F16/1000000 -> 36.141888 | F16: =F15+H15+J15 -> 36141888 | G16: =H16+J16 -> 2365200 | H16: =$P$21 -> 283824 | I16: =J16*1000*$Q$4/1000000000 -> 0.37464768 | J16: =J15+(J$20-J$14)/6 -> 2081376 | K16: =N16*$P$4/1000000 -> 19.483414 | L16: =J16/J15 -> 0.97058824 | M16: =N16*$P$4/1000000 -> 19.483414 | N16: =O15*L16 -> 1025442.9 | O16: =O15+(O$154-O$4)/150 -> 1049923.2 | P16: 85 | Q16: 103 | R16: =Q16*60*60*24*365/1000 -> 3248208 | S16: =Q16*60*60*24*365/1000000000 -> 3.248208 | T16: 3312 | U16: 2 | V16: =2029+U16 -> 2031 | X16: 100 | Y16: 99 | Z16: =Y16*3600*24*365/1000 -> 3122064 | AA16: =9*3600*24*365/1000 -> 283824 | AB16: =Z16+AA16 -> 3405888 | AC16: 5226000 | AD16: 1914000 | AE16: =AD16/AB16 -> 0.56196798 | AF16: =AE16+AF17 -> 1.4805787
A17: =A16+1 -> 13 | B17: =B16+1 -> 2042 | C17: =(D17*G17+D16*F16)/F17 -> 8.3920193 | D17: =(K17+I17)*1000/G17*1000 -> 9.0888247 | E17: =F17/1000000 -> 38.507088 | F17: =F16+H16+J16 -> 38507088 | G17: =H17+J17 -> 2168304 | H17: 150000 | I17: =J17*1000*$Q$4/1000000000 -> 0.36329472 | J17: =J16+(J$20-J$14)/6 -> 2018304 | K17: =N17*$P$4/1000000 -> 19.34404 | L17: =J17/J16 -> 0.96969697 | M17: =N17*$P$4/1000000 -> 19.34404 | N17: =O16*L17 -> 1018107.4 | O17: =O16+(O$154-O$4)/150 -> 1043329.6 | P17: 75 | Q17: 105 | R17: =Q17*60*60*24*365/1000 -> 3311280 | S17: =Q17*60*60*24*365/1000000000 -> 3.31128 | T17: 2190 | U17: 1.5 | V17: =2029+U17 -> 2030.5 | X17: 85 | Y17: 103 | Z17: =Y17*3600*24*365/1000 -> 3248208 | AA17: =9*3600*24*365/1000 -> 283824 | AB17: =Z17+AA17 -> 3532032 | AC17: 3312000 | AD17: 1122000 | AE17: =AD17/AB17 -> 0.31766417 | AF17: =AE17+AF18 -> 0.91861076
A18: =A17+1 -> 14 | B18: =B17+1 -> 2043 | C18: =(D18*G18+D17*F17)/F18 -> 9.0850975 | D18: =(K18+I18)*1000/G18*1000 -> 9.2891078 | E18: =F18/1000000 -> 40.675392 | F18: =F17+H17+J17 -> 40675392 | G18: =H18+J18 -> 2105232 | H18: 150000 | I18: =J18*1000*$Q$4/1000000000 -> 0.35194176 | J18: =J17+(J$20-J$14)/6 -> 1955232 | K18: =N18*$P$4/1000000 -> 19.203785 | L18: =J18/J17 -> 0.96875 | M18: =N18*$P$4/1000000 -> 19.203785 | N18: =O17*L18 -> 1010725.5 | O18: =O17+(O$154-O$4)/150 -> 1036735.9 | P18: 70 | Q18: 107 | R18: =Q18*60*60*24*365/1000 -> 3374352 | S18: =Q18*60*60*24*365/1000000000 -> 3.374352 | T18: 1713 | U18: 1 | V18: =2029+U18 -> 2030 | X18: 75 | Y18: 105 | Z18: =Y18*3600*24*365/1000 -> 3311280 | AA18: =9*3600*24*365/1000 -> 283824 | AB18: =Z18+AA18 -> 3595104 | AC18: 2190000 | AD18: 477000 | AE18: =AD18/AB18 -> 0.13268045 | AF18: =AE18+AF19 -> 0.6009466
A19: =A18+1 -> 15 | B19: =B18+1 -> 2044 | C19: =(D19*G19+D18*F18)/F19 -> 9.2855414 | D19: =(K19+I19)*1000/G19*1000 -> 8.9169557 | E19: =F19/1000000 -> 42.780624 | F19: =F18+H18+J18 -> 42780624 | G19: =H19+J19 -> 2175984 | H19: =$P$21 -> 283824 | I19: =J19*1000*$Q$4/1000000000 -> 0.3405888 | J19: =J18+(J$20-J$14)/6 -> 1892160 | K19: =N19*$P$4/1000000 -> 19.062564 | L19: =J19/J18 -> 0.96774194 | M19: =N19*$P$4/1000000 -> 19.062564 | N19: =O18*L19 -> 1003292.9 | O19: =O18+(O$154-O$4)/150 -> 1030142.3 | P19: 40 | Q19: 113 | R19: =Q19*60*60*24*365/1000 -> 3563568 | S19: =Q19*60*60*24*365/1000000000 -> 3.563568 | T19: 0 | U19: 0 | V19: =2029+U19 -> 2029 | X19: 70 | Y19: 107 | Z19: =Y19*3600*24*365/1000 -> 3374352 | AA19: =9*3600*24*365/1000 -> 283824 | AB19: =Z19+AA19 -> 3658176 | AC19: 1713000 | AD19: 1713000 | AE19: =AD19/AB19 -> 0.46826615 | AF19: =AE19+AF20 -> 0.46826615
A20: =A19+1 -> 16 | B20: =B19+1 -> 2045 | C20: =(D20*G20+D19*F19)/F20 -> 8.9135383 | D20: =(K20+I20)*1000/G20*1000 -> 9.1104202 | E20: =F20/1000000 -> 44.956608 | F20: =F19+H19+J19 -> 44956608 | G20: =H20+J20 -> 2112912 | H20: =$P$21 -> 283824 | I20: =J20*1000*$Q$4/1000000000 -> 0.32923584 | J20: 1829088 | K20: =N20*$P$4/1000000 -> 18.92028 | L20: =J20/J19 -> 0.96666667 | M20: =N20*$P$4/1000000 -> 18.92028 | N20: =O19*L20 -> 995804.22 | O20: =O19+(O$154-O$4)/150 -> 1023548.7 | X20: 40 | Y20: 113 | Z20: =Y20*3600*24*365/1000 -> 3563568 | AA20: =9*3600*24*365/1000 -> 283824 | AB20: =Z20+AA20 -> 3847392 | AC20: 0 | AD20: 0 | AE20: =AD20/AB20 -> 0 | AF20: =AE20 -> 0
A21: =A20+1 -> 17 | B21: =B20+1 -> 2046 | C21: =(D21*G21+D20*F20)/F21 -> 9.1107533 | D21: =(K21+I21)*1000/G21*1000 -> 9.3266462 | E21: =F21/1000000 -> 47.06952 | F21: =F20+H20+J20 -> 47069520 | G21: =H21+J21 -> 2065608 | H21: =$P$21 -> 283824 | I21: =J21*1000*$Q$4/1000000000 -> 0.32072112 | J21: =J20+(J$28-J$20)/8 -> 1781784 | K21: =N21*$P$4/1000000 -> 18.944474 | L21: =J21/J20 -> 0.97413793 | M21: =N21*$P$4/1000000 -> 18.944474 | N21: =O20*L21 -> 997077.57 | O21: =O20+(O$154-O$4)/150 -> 1016955 | P21: 283824 | Q21: Regnvann SWECO 2012
A22: =A21+1 -> 18 | B22: =B21+1 -> 2047 | C22: =(D22*G22+D21*F21)/F22 -> 9.3237191 | D22: =(K22+I22)*1000/G22*1000 -> 9.4739812 | E22: =F22/1000000 -> 49.135128 | F22: =F21+H21+J21 -> 49135128 | G22: =H22+J22 -> 2018304 | H22: =$P$21 -> 283824 | I22: =J22*1000*$Q$4/1000000000 -> 0.3122064 | J22: =J21+(J$28-J$20)/8 -> 1734480 | K22: =N22*$P$4/1000000 -> 18.809168 | L22: =J22/J21 -> 0.97345133 | M22: =N22*$P$4/1000000 -> 18.809168 | N22: =O21*L22 -> 989956.2 | O22: =O21+(O$154-O$4)/150 -> 1010361.4 | P22: =6*60*60*24*365/1000 -> 189216 | Q22: Regnvann Miljøbyrån 2010
A23: =A22+1 -> 19 | B23: =B22+1 -> 2048 | C23: =(D23*G23+D22*F22)/F23 -> 9.471159 | D23: =(K23+I23)*1000/G23*1000 -> 9.6281109 | E23: =F23/1000000 -> 51.153432 | F23: =F22+H22+J22 -> 51153432 | G23: =H23+J23 -> 1971000 | H23: =$P$21 -> 283824 | I23: =J23*1000*$Q$4/1000000000 -> 0.30369168 | J23: =J22+(J$28-J$20)/8 -> 1687176 | K23: =N23*$P$4/1000000 -> 18.673315 | L23: =J23/J22 -> 0.97272727 | M23: =N23*$P$4/1000000 -> 18.673315 | N23: =O22*L23 -> 982806.05 | O23: =O22+(O$154-O$4)/150 -> 1003767.7 | P23: =36*60*60*24*365/1000 -> 1135296 | Q23: Grundvatten 1983 - Miljøbyrån 2010
A24: =A23+1 -> 20 | B24: =B23+1 -> 2049 | C24: =(D24*G24+D23*F23)/F24 -> 9.6253822 | D24: =(K24+I24)*1000/G24*1000 -> 9.7895125 | E24: =F24/1000000 -> 53.124432 | F24: =F23+H23+J23 -> 53124432 | G24: =H24+J24 -> 1923696 | H24: =$P$21 -> 283824 | I24: =J24*1000*$Q$4/1000000000 -> 0.29517696 | J24: =J23+(J$28-J$20)/8 -> 1639872 | K24: =N24*$P$4/1000000 -> 18.536869 | L24: =J24/J23 -> 0.97196262 | M24: =N24*$P$4/1000000 -> 18.536869 | N24: =O23*L24 -> 975624.69 | O24: =O23+(O$154-O$4)/150 -> 997174.07 | P24: =18*60*60*24*365/1000 -> 567648 | Q24: Grundvatten 2010 - Miljøbyrån 2010
A25: =A24+1 -> 21 | B25: =B24+1 -> 2050 | C25: =(D25*G25+D24*F24)/F25 -> 9.7868675 | D25: =(K25+I25)*1000/G25*1000 -> 9.9587087 | E25: =F25/1000000 -> 55.048128 | F25: =F24+H24+J24 -> 55048128 | G25: =H25+J25 -> 1876392 | H25: =$P$21 -> 283824 | I25: =J25*1000*$Q$4/1000000000 -> 0.28666224 | J25: =J24+(J$28-J$20)/8 -> 1592568 | K25: =N25*$P$4/1000000 -> 18.399779 | L25: =J25/J24 -> 0.97115385 | M25: =N25*$P$4/1000000 -> 18.399779 | N25: =O24*L25 -> 968409.43 | O25: =O24+(O$154-O$4)/150 -> 990580.42 | P25: 1129047 | Q25: Bergyte ved nivå 55
A26: =A25+1 -> 22 | B26: =B25+1 -> 2051 | C26: =(D26*G26+D25*F25)/F26 -> 9.9561386 | D26: =(K26+I26)*1000/G26*1000 -> 10.136273 | E26: =F26/1000000 -> 56.92452 | F26: =F25+H25+J25 -> 56924520 | G26: =H26+J26 -> 1829088 | H26: =$P$21 -> 283824 | I26: =J26*1000*$Q$4/1000000000 -> 0.27814752 | J26: =J25+(J$28-J$20)/8 -> 1545264 | K26: =N26*$P$4/1000000 -> 18.261988 | L26: =J26/J25 -> 0.97029703 | M26: =N26*$P$4/1000000 -> 18.261988 | N26: =O25*L26 -> 961157.24 | O26: =O25+(O$154-O$4)/150 -> 983986.77 | P26: 1048478 | Q26: Bergyte ved nivå 325
A27: =A26+1 -> 23 | B27: =B26+1 -> 2052 | C27: =(D27*G27+D26*F26)/F27 -> 10.13377 | D27: =(K27+I27)*1000/G27*1000 -> 10.322835 | E27: =F27/1000000 -> 58.753608 | F27: =F26+H26+J26 -> 58753608 | G27: =H27+J27 -> 1781784 | H27: =$P$21 -> 283824 | I27: =J27*1000*$Q$4/1000000000 -> 0.2696328 | J27: =J26+(J$28-J$20)/8 -> 1497960 | K27: =N27*$P$4/1000000 -> 18.12343 | L27: =J27/J26 -> 0.96938776 | M27: =N27*$P$4/1000000 -> 18.12343 | N27: =O26*L27 -> 953864.73 | O27: =O26+(O$154-O$4)/150 -> 977393.13 | P27: 281216 | Q27: Bergyte ved nivå 325 over vannspeil 2012
A28: =A27+1 -> 24 | B28: =B27+1 -> 2053 | C28: =(D28*G28+D27*F27)/F28 -> 10.320392 | D28: =(K28+I28)*1000/G28*1000 -> 10.51909 | E28: =F28/1000000 -> 60.535392 | F28: =F27+H27+J27 -> 60535392 | G28: =H28+J28 -> 1734480 | H28: =$P$21 -> 283824 | I28: =J28*1000*$Q$4/1000000000 -> 0.26111808 | J28: 1450656 | K28: =N28*$P$4/1000000 -> 17.984034 | L28: =J28/J27 -> 0.96842105 | M28: =N28*$P$4/1000000 -> 17.984034 | N28: =O27*L28 -> 946528.08 | O28: =O27+(O$154-O$4)/150 -> 970799.48 | P28: 140000 | Q28: Bergyte ved nivå 340 over vannspeil 2170
A29: =A28+1 -> 25 | B29: =B28+1 -> 2054 | C29: =(D29*G29+D28*F28)/F29 -> 10.518184 | D29: =(K29+I29)*1000/G29*1000 -> 10.734981 | E29: =F29/1000000 -> 62.269872 | F29: =F28+H28+J28 -> 62269872 | G29: =H29+J29 -> 1694343.3 | H29: =$P$21 -> 283824 | I29: =J29*1000*$Q$4/1000000000 -> 0.25389347 | J29: =J28+(J$38-J$28)/11 -> 1410519.3 | K29: =N29*$P$4/1000000 -> 17.934849 | L29: =J29/J28 -> 0.97233202 | M29: =N29*$P$4/1000000 -> 17.934849 | N29: =O28*L29 -> 943939.42 | O29: =O28+(O$154-O$4)/150 -> 964205.83
A30: =A29+1 -> 26 | B30: =B29+1 -> 2055 | C30: =(D30*G30+D29*F29)/F30 -> 10.732738 | D30: =(K30+I30)*1000/G30*1000 -> 10.908723 | E30: =F30/1000000 -> 63.964215 | F30: =F29+H29+J29 -> 63964215 | G30: =H30+J30 -> 1654206.5 | H30: =$P$21 -> 283824 | I30: =J30*1000*$Q$4/1000000000 -> 0.24666886 | J30: =J29+(J$38-J$28)/11 -> 1370382.5 | K30: =N30*$P$4/1000000 -> 17.798613 | L30: =J30/J29 -> 0.97154472 | M30: =N30*$P$4/1000000 -> 17.798613 | N30: =O29*L30 -> 936769.08 | O30: =O29+(O$154-O$4)/150 -> 957612.19
A31: =A30+1 -> 27 | B31: =B30+1 -> 2056 | C31: =(D31*G31+D30*F30)/F31 -> 10.906527 | D31: =(K31+I31)*1000/G31*1000 -> 11.090709 | E31: =F31/1000000 -> 65.618422 | F31: =F30+H30+J30 -> 65618422 | G31: =H31+J31 -> 1614069.8 | H31: =$P$21 -> 283824 | I31: =J31*1000*$Q$4/1000000000 -> 0.23944425 | J31: =J30+(J$38-J$28)/11 -> 1330245.8 | K31: =N31*$P$4/1000000 -> 17.661734 | L31: =J31/J30 -> 0.9707113 | M31: =N31*$P$4/1000000 -> 17.661734 | N31: =O30*L31 -> 929564.97 | O31: =O30+(O$154-O$4)/150 -> 951018.54
A32: =A31+1 -> 28 | B32: =B31+1 -> 2057 | C32: =(D32*G32+D31*F31)/F32 -> 11.088555 | D32: =(K32+I32)*1000/G32*1000 -> 11.281532 | E32: =F32/1000000 -> 67.232492 | F32: =F31+H31+J31 -> 67232492 | G32: =H32+J32 -> 1573933.1 | H32: =$P$21 -> 283824 | I32: =J32*1000*$Q$4/1000000000 -> 0.23221964 | J32: =J31+(J$38-J$28)/11 -> 1290109.1 | K32: =N32*$P$4/1000000 -> 17.524156 | L32: =J32/J31 -> 0.96982759 | M32: =N32*$P$4/1000000 -> 17.524156 | N32: =O31*L32 -> 922324.02 | O32: =O31+(O$154-O$4)/150 -> 944424.89
A33: =A32+1 -> 29 | B33: =B32+1 -> 2058 | C33: =(D33*G33+D32*F32)/F33 -> 11.279416 | D33: =(K33+I33)*1000/G33*1000 -> 11.481842 | E33: =F33/1000000 -> 68.806425 | F33: =F32+H32+J32 -> 68806425 | G33: =H33+J33 -> 1533796.4 | H33: =$P$21 -> 283824 | I33: =J33*1000*$Q$4/1000000000 -> 0.22499503 | J33: =J32+(J$38-J$28)/11 -> 1249972.4 | K33: =N33*$P$4/1000000 -> 17.385813 | L33: =J33/J32 -> 0.96888889 | M33: =N33*$P$4/1000000 -> 17.385813 | N33: =O32*L33 -> 915042.79 | O33: =O32+(O$154-O$4)/150 -> 937831.25
A34: =A33+1 -> 30 | B34: =B33+1 -> 2059 | C34: =(D34*G34+D33*F33)/F34 -> 11.479761 | D34: =(K34+I34)*1000/G34*1000 -> 11.692357 | E34: =F34/1000000 -> 70.340221 | F34: =F33+H33+J33 -> 70340221 | G34: =H34+J34 -> 1493659.6 | H34: =$P$21 -> 283824 | I34: =J34*1000*$Q$4/1000000000 -> 0.21777041 | J34: =J33+(J$38-J$28)/11 -> 1209835.6 | K34: =N34*$P$4/1000000 -> 17.246631 | L34: =J34/J33 -> 0.96788991 | M34: =N34*$P$4/1000000 -> 17.246631 | N34: =O33*L34 -> 907717.4 | O34: =O33+(O$154-O$4)/150 -> 931237.6
A35: =A34+1 -> 31 | B35: =B34+1 -> 2060 | C35: =(D35*G35+D34*F34)/F35 -> 11.690306 | D35: =(K35+I35)*1000/G35*1000 -> 11.913862 | E35: =F35/1000000 -> 71.833881 | F35: =F34+H34+J34 -> 71833881 | G35: =H35+J35 -> 1453522.9 | H35: =$P$21 -> 283824 | I35: =J35*1000*$Q$4/1000000000 -> 0.2105458 | J35: =J34+(J$38-J$28)/11 -> 1169698.9 | K35: =N35*$P$4/1000000 -> 17.106526 | L35: =J35/J34 -> 0.96682464 | M35: =N35*$P$4/1000000 -> 17.106526 | N35: =O34*L35 -> 900343.46 | O35: =O34+(O$154-O$4)/150 -> 924643.95
A36: =A35+1 -> 32 | B36: =B35+1 -> 2061 | C36: =(D36*G36+D35*F35)/F36 -> 11.911838 | D36: =(K36+I36)*1000/G36*1000 -> 12.147228 | E36: =F36/1000000 -> 73.287404 | F36: =F35+H35+J35 -> 73287404 | G36: =H36+J36 -> 1413386.2 | H36: =$P$21 -> 283824 | I36: =J36*1000*$Q$4/1000000000 -> 0.20332119 | J36: =J35+(J$38-J$28)/11 -> 1129562.2 | K36: =N36*$P$4/1000000 -> 16.965404 | L36: =J36/J35 -> 0.96568627 | M36: =N36*$P$4/1000000 -> 16.965404 | N36: =O35*L36 -> 892915.97 | O36: =O35+(O$154-O$4)/150 -> 918050.31
A37: =A36+1 -> 33 | B37: =B36+1 -> 2062 | C37: =(D37*G37+D36*F36)/F37 -> 12.145227 | D37: =(K37+I37)*1000/G37*1000 -> 12.393416 | E37: =F37/1000000 -> 74.70079 | F37: =F36+H36+J36 -> 74700790 | G37: =H37+J37 -> 1373249.5 | H37: =$P$21 -> 283824 | I37: =J37*1000*$Q$4/1000000000 -> 0.19609658 | J37: =J36+(J$38-J$28)/11 -> 1089425.5 | K37: =N37*$P$4/1000000 -> 16.823155 | L37: =J37/J36 -> 0.96446701 | M37: =N37*$P$4/1000000 -> 16.823155 | N37: =O36*L37 -> 885429.23 | O37: =O36+(O$154-O$4)/150 -> 911456.66
A38: =A37+1 -> 34 | B38: =B37+1 -> 2063 | C38: =(D38*G38+D37*F37)/F38 -> 12.382953 | D38: =(K38+I38)*1000/G38*1000 -> 12.547243 | E38: =F38/1000000 -> 76.074039 | F38: =F37+H37+J37 -> 76074039 | G38: =H38+J38 -> 1292976 | H38: =$P$21 -> 283824 | I38: =J38*1000*$Q$4/1000000000 -> 0.18164736 | J38: 1009152 | K38: =N38*$P$4/1000000 -> 16.041637 | L38: =J38/J37 -> 0.92631579 | M38: =N38*$P$4/1000000 -> 16.041637 | N38: =O37*L38 -> 844296.7 | O38: =O37+(O$154-O$4)/150 -> 904863.01
A39: =A38+1 -> 35 | B39: =B38+1 -> 2064 | C39: =(D39*G39+D38*F38)/F39 -> 12.554374 | D39: =(K39+I39)*1000/G39*1000 -> 13.332727 | E39: =F39/1000000 -> 77.367015 | F39: =F38+H38+J38 -> 77367015 | G39: =H39+J39 -> 1258177.7 | H39: =$P$21 -> 283824 | I39: =J39*1000*$Q$4/1000000000 -> 0.17538366 | J39: =J38+(J$67-J$38)/29 -> 974353.66 | K39: =N39*$P$4/1000000 -> 16.599556 | L39: =J39/J38 -> 0.96551724 | M39: =N39*$P$4/1000000 -> 16.599556 | N39: =O38*L39 -> 873660.84 | O39: =O38+(O$154-O$4)/150 -> 898269.37
A40: =A39+1 -> 36 | B40: =B39+1 -> 2065 | C40: =(D40*G40+D39*F39)/F40 -> 13.330842 | D40: =(K40+I40)*1000/G40*1000 -> 13.590795 | E40: =F40/1000000 -> 78.625193 | F40: =F39+H39+J39 -> 78625193 | G40: =H40+J40 -> 1223379.3 | H40: =$P$21 -> 283824 | I40: =J40*1000*$Q$4/1000000000 -> 0.16911996 | J40: =J39+(J$67-J$38)/29 -> 939555.31 | K40: =N40*$P$4/1000000 -> 16.457578 | L40: =J40/J39 -> 0.96428571 | M40: =N40*$P$4/1000000 -> 16.457578 | N40: =O39*L40 -> 866188.32 | O40: =O39+(O$154-O$4)/150 -> 891675.72
A41: =A40+1 -> 37 | B41: =B40+1 -> 2066 | C41: =(D41*G41+D40*F40)/F41 -> 13.588923 | D41: =(K41+I41)*1000/G41*1000 -> 13.862934 | E41: =F41/1000000 -> 79.848572 | F41: =F40+H40+J40 -> 79848572 | G41: =H41+J41 -> 1188581 | H41: =$P$21 -> 283824 | I41: =J41*1000*$Q$4/1000000000 -> 0.16285625 | J41: =J40+(J$67-J$38)/29 -> 904756.97 | K41: =N41*$P$4/1000000 -> 16.314363 | L41: =J41/J40 -> 0.96296296 | M41: =N41*$P$4/1000000 -> 16.314363 | N41: =O40*L41 -> 858650.69 | O41: =O40+(O$154-O$4)/150 -> 885082.07
A42: =A41+1 -> 38 | B42: =B41+1 -> 2067 | C42: =(D42*G42+D41*F41)/F42 -> 13.861072 | D42: =(K42+I42)*1000/G42*1000 -> 14.150292 | E42: =F42/1000000 -> 81.037153 | F42: =F41+H41+J41 -> 81037153 | G42: =H42+J42 -> 1153782.6 | H42: =$P$21 -> 283824 | I42: =J42*1000*$Q$4/1000000000 -> 0.15659255 | J42: =J41+(J$67-J$38)/29 -> 869958.62 | K42: =N42*$P$4/1000000 -> 16.169769 | L42: =J42/J41 -> 0.96153846 | M42: =N42*$P$4/1000000 -> 16.169769 | N42: =O41*L42 -> 851040.46 | O42: =O41+(O$154-O$4)/150 -> 878488.43
A43: =A42+1 -> 39 | B43: =B42+1 -> 2068 | C43: =(D43*G43+D42*F42)/F43 -> 14.148438 | D43: =(K43+I43)*1000/G43*1000 -> 14.454142 | E43: =F43/1000000 -> 82.190936 | F43: =F42+H42+J42 -> 82190936 | G43: =H43+J43 -> 1118984.3 | H43: =$P$21 -> 283824 | I43: =J43*1000*$Q$4/1000000000 -> 0.15032885 | J43: =J42+(J$67-J$38)/29 -> 835160.28 | K43: =N43*$P$4/1000000 -> 16.023629 | L43: =J43/J42 -> 0.96 | M43: =N43*$P$4/1000000 -> 16.023629 | N43: =O42*L43 -> 843348.89 | O43: =O42+(O$154-O$4)/150 -> 871894.78
A44: =A43+1 -> 40 | B44: =B43+1 -> 2069 | C44: =(D44*G44+D43*F43)/F44 -> 14.452292 | D44: =(K44+I44)*1000/G44*1000 -> 14.775894 | E44: =F44/1000000 -> 83.30992 | F44: =F43+H43+J43 -> 83309920 | G44: =H44+J44 -> 1084185.9 | H44: =$P$21 -> 283824 | I44: =J44*1000*$Q$4/1000000000 -> 0.14406515 | J44: =J43+(J$67-J$38)/29 -> 800361.93 | K44: =N44*$P$4/1000000 -> 15.875751 | L44: =J44/J43 -> 0.95833333 | M44: =N44*$P$4/1000000 -> 15.875751 | N44: =O43*L44 -> 835565.83 | O44: =O43+(O$154-O$4)/150 -> 865301.13
A45: =A44+1 -> 41 | B45: =B44+1 -> 2070 | C45: =(D45*G45+D44*F44)/F45 -> 14.774044 | D45: =(K45+I45)*1000/G45*1000 -> 15.117111 | E45: =F45/1000000 -> 84.394106 | F45: =F44+H44+J44 -> 84394106 | G45: =H45+J45 -> 1049387.6 | H45: =$P$21 -> 283824 | I45: =J45*1000*$Q$4/1000000000 -> 0.13780145 | J45: =J44+(J$67-J$38)/29 -> 765563.59 | K45: =N45*$P$4/1000000 -> 15.725908 | L45: =J45/J44 -> 0.95652174 | M45: =N45*$P$4/1000000 -> 15.725908 | N45: =O44*L45 -> 827679.34 | O45: =O44+(O$154-O$4)/150 -> 858707.49
A46: =A45+1 -> 42 | B46: =B45+1 -> 2071 | C46: =(D46*G46+D45*F45)/F46 -> 15.115258 | D46: =(K46+I46)*1000/G46*1000 -> 15.479534 | E46: =F46/1000000 -> 85.443494 | F46: =F45+H45+J45 -> 85443494 | G46: =H46+J46 -> 1014589.2 | H46: =$P$21 -> 283824 | I46: =J46*1000*$Q$4/1000000000 -> 0.13153774 | J46: =J45+(J$67-J$38)/29 -> 730765.24 | K46: =N46*$P$4/1000000 -> 15.573831 | L46: =J46/J45 -> 0.95454545 | M46: =N46*$P$4/1000000 -> 15.573831 | N46: =O45*L46 -> 819675.33 | O46: =O45+(O$154-O$4)/150 -> 852113.84
A47: =A46+1 -> 43 | B47: =B46+1 -> 2072 | C47: =(D47*G47+D46*F46)/F47 -> 15.477673 | D47: =(K47+I47)*1000/G47*1000 -> 15.865096 | E47: =F47/1000000 -> 86.458083 | F47: =F46+H46+J46 -> 86458083 | G47: =H47+J47 -> 979790.9 | H47: =$P$21 -> 283824 | I47: =J47*1000*$Q$4/1000000000 -> 0.12527404 | J47: =J46+(J$67-J$38)/29 -> 695966.9 | K47: =N47*$P$4/1000000 -> 15.419203 | L47: =J47/J46 -> 0.95238095 | M47: =N47*$P$4/1000000 -> 15.419203 | N47: =O46*L47 -> 811536.99 | O47: =O46+(O$154-O$4)/150 -> 845520.19
A48: =A47+1 -> 44 | B48: =B47+1 -> 2073 | C48: =(D48*G48+D47*F47)/F48 -> 15.863223 | D48: =(K48+I48)*1000/G48*1000 -> 16.275948 | E48: =F48/1000000 -> 87.437874 | F48: =F47+H47+J47 -> 87437874 | G48: =H48+J48 -> 944992.55 | H48: =$P$21 -> 283824 | I48: =J48*1000*$Q$4/1000000000 -> 0.11901034 | J48: =J47+(J$67-J$38)/29 -> 661168.55 | K48: =N48*$P$4/1000000 -> 15.261639 | L48: =J48/J47 -> 0.95 | M48: =N48*$P$4/1000000 -> 15.261639 | N48: =O47*L48 -> 803244.18 | O48: =O47+(O$154-O$4)/150 -> 838926.55
A49: =A48+1 -> 45 | B49: =B48+1 -> 2074 | C49: =(D49*G49+D48*F48)/F49 -> 16.274056 | D49: =(K49+I49)*1000/G49*1000 -> 16.714482 | E49: =F49/1000000 -> 88.382866 | F49: =F48+H48+J48 -> 88382866 | G49: =H49+J49 -> 910194.21 | H49: =$P$21 -> 283824 | I49: =J49*1000*$Q$4/1000000000 -> 0.11274664 | J49: =J48+(J$67-J$38)/29 -> 626370.21 | K49: =N49*$P$4/1000000 -> 15.100678 | L49: =J49/J48 -> 0.94736842 | M49: =N49*$P$4/1000000 -> 15.100678 | N49: =O48*L49 -> 794772.52 | O49: =O48+(O$154-O$4)/150 -> 832332.9
A50: =A49+1 -> 46 | B50: =B49+1 -> 2075 | C50: =(D50*G50+D49*F49)/F50 -> 16.712565 | D50: =(K50+I50)*1000/G50*1000 -> 17.183351 | E50: =F50/1000000 -> 89.293061 | F50: =F49+H49+J49 -> 89293061 | G50: =H50+J50 -> 875395.86 | H50: =$P$21 -> 283824 | I50: =J50*1000*$Q$4/1000000000 -> 0.10648294 | J50: =J49+(J$67-J$38)/29 -> 591571.86 | K50: =N50*$P$4/1000000 -> 14.935751 | L50: =J50/J49 -> 0.94444444 | M50: =N50*$P$4/1000000 -> 14.935751 | N50: =O49*L50 -> 786092.18 | O50: =O49+(O$154-O$4)/150 -> 825739.25
... A58: =A57+1 -> 54 | B58: =B57+1 -> 2083 | C58: =(D58*G58+D57*F57)/F58 -> 21.58945 | D58: =(K58+I58)*1000/G58*1000 -> 22.423871 | E58: =F58/1000000 -> 95.321874 | F58: =F57+H57+J57 -> 95321874 | G58: =H58+J58 -> 597009.1 | H58: =$P$21 -> 283824 | I58: =J58*1000*$Q$4/1000000000 -> 0.056373319 | J58: =J57+(J$67-J$38)/29 -> 313185.1 | K58: =N58*$P$4/1000000 -> 13.330882 | L58: =J58/J57 -> 0.9 | M58: =N58*$P$4/1000000 -> 13.330882 | N58: =O57*L58 -> 701625.35 | O58: =O57+(O$154-O$4)/150 -> 772990.08
A59: =A58+1 -> 55 | B59: =B58+1 -> 2084 | C59: =(D59*G59+D58*F58)/F59 -> 22.422647 | D59: =(K59+I59)*1000/G59*1000 -> 23.602957 | E59: =F59/1000000 -> 95.918883 | F59: =F58+H58+J58 -> 95918883 | G59: =H59+J59 -> 562210.76 | H59: =$P$21 -> 283824 | I59: =J59*1000*$Q$4/1000000000 -> 0.050109617 | J59: =J58+(J$67-J$38)/29 -> 278386.76 | K59: =N59*$P$4/1000000 -> 13.219727 | L59: =J59/J58 -> 0.88888889 | M59: =N59*$P$4/1000000 -> 13.219727 | N59: =N58+(N$154-N$58)/96 -> 695775.09 | O59: =O58+(O$154-O$4)/150 -> 766396.43
A60: =A59+1 -> 56 | B60: =B59+1 -> 2085 | C60: =(D60*G60+D59*F59)/F60 -> 23.60174 | D60: =(K60+I60)*1000/G60*1000 -> 24.937634 | E60: =F60/1000000 -> 96.481094 | F60: =F59+H59+J59 -> 96481094 | G60: =H60+J60 -> 527412.41 | H60: =$P$21 -> 283824 | I60: =J60*1000*$Q$4/1000000000 -> 0.043845914 | J60: =J59+(J$67-J$38)/29 -> 243588.41 | K60: =N60*$P$4/1000000 -> 13.108572 | L60: =J60/J59 -> 0.875 | M60: =N60*$P$4/1000000 -> 13.108572 | N60: =N59+(N$154-N$58)/96 -> 689924.83 | O60: =O59+(O$154-O$4)/150 -> 759802.79
A61: =A60+1 -> 57 | B61: =B60+1 -> 2086 | C61: =(D61*G61+D60*F60)/F61 -> 24.936423 | D61: =(K61+I61)*1000/G61*1000 -> 26.460874 | E61: =F61/1000000 -> 97.008506 | F61: =F60+H60+J60 -> 97008506 | G61: =H61+J61 -> 492614.07 | H61: =$P$21 -> 283824 | I61: =J61*1000*$Q$4/1000000000 -> 0.037582212 | J61: =J60+(J$67-J$38)/29 -> 208790.07 | K61: =N61*$P$4/1000000 -> 12.997417 | L61: =J61/J60 -> 0.85714286 | M61: =N61*$P$4/1000000 -> 12.997417 | N61: =N60+(N$154-N$58)/96 -> 684074.56 | O61: =O60+(O$154-O$4)/150 -> 753209.14
A62: =A61+1 -> 58 | B62: =B61+1 -> 2087 | C62: =(D62*G62+D61*F61)/F62 -> 26.45967 | D62: =(K62+I62)*1000/G62*1000 -> 28.215676 | E62: =F62/1000000 -> 97.50112 | F62: =F61+H61+J61 -> 97501120 | G62: =H62+J62 -> 457815.72 | H62: =$P$21 -> 283824 | I62: =J62*1000*$Q$4/1000000000 -> 0.03131851 | J62: =J61+(J$67-J$38)/29 -> 173991.72 | K62: =N62*$P$4/1000000 -> 12.886262 | L62: =J62/J61 -> 0.83333333 | M62: =N62*$P$4/1000000 -> 12.886262 | N62: =N61+(N$154-N$58)/96 -> 678224.3 | O62: =O61+(O$154-O$4)/150 -> 746615.49
A63: =A62+1 -> 59 | B63: =B62+1 -> 2088 | C63: =(D63*G63+D62*F62)/F63 -> 28.214477 | D63: =(K63+I63)*1000/G63*1000 -> 30.259186 | E63: =F63/1000000 -> 97.958936 | F63: =F62+H62+J62 -> 97958936 | G63: =H63+J63 -> 423017.38 | H63: =$P$21 -> 283824 | I63: =J63*1000*$Q$4/1000000000 -> 0.025054808 | J63: =J62+(J$67-J$38)/29 -> 139193.38 | K63: =N63*$P$4/1000000 -> 12.775107 | L63: =J63/J62 -> 0.8 | M63: =N63*$P$4/1000000 -> 12.775107 | N63: =N62+(N$154-N$58)/96 -> 672374.03 | O63: =O62+(O$154-O$4)/150 -> 740021.85
A64: =A63+1 -> 60 | B64: =B63+1 -> 2089 | C64: =(D64*G64+D63*F63)/F64 -> 30.257992 | D64: =(K64+I64)*1000/G64*1000 -> 32.669039 | E64: =F64/1000000 -> 98.381953 | F64: =F63+H63+J63 -> 98381953 | G64: =H64+J64 -> 388219.03 | H64: =$P$21 -> 283824 | I64: =J64*1000*$Q$4/1000000000 -> 0.018791106 | J64: =J63+(J$67-J$38)/29 -> 104395.03 | K64: =N64*$P$4/1000000 -> 12.663952 | L64: =J64/J63 -> 0.75 | M64: =N64*$P$4/1000000 -> 12.663952 | N64: =N63+(N$154-N$58)/96 -> 666523.77 | O64: =O63+(O$154-O$4)/150 -> 733428.2
A65: =A64+1 -> 61 | B65: =B64+1 -> 2090 | C65: =(D65*G65+D64*F64)/F65 -> 32.66785 | D65: =(K65+I65)*1000/G65*1000 -> 35.553448 | E65: =F65/1000000 -> 98.770172 | F65: =F64+H64+J64 -> 98770172 | G65: =H65+J65 -> 353420.69 | H65: =$P$21 -> 283824 | I65: =J65*1000*$Q$4/1000000000 -> 0.012527404 | J65: =J64+(J$67-J$38)/29 -> 69596.69 | K65: =N65*$P$4/1000000 -> 12.552797 | L65: =J65/J64 -> 0.66666667 | M65: =N65*$P$4/1000000 -> 12.552797 | N65: =N64+(N$154-N$58)/96 -> 660673.51 | O65: =O64+(O$154-O$4)/150 -> 726834.55
A66: =A65+1 -> 62 | B66: =B65+1 -> 2091 | C66: =(D66*G66+D65*F65)/F66 -> 35.552263 | D66: =(K66+I66)*1000/G66*1000 -> 39.067898 | E66: =F66/1000000 -> 99.123593 | F66: =F65+H65+J65 -> 99123593 | G66: =H66+J66 -> 318622.34 | H66: =$P$21 -> 283824 | I66: =J66*1000*$Q$4/1000000000 -> 0.0062637021 | J66: =J65+(J$67-J$38)/29 -> 34798.345 | K66: =N66*$P$4/1000000 -> 12.441642 | L66: =J66/J65 -> 0.5 | M66: =N66*$P$4/1000000 -> 12.441642 | N66: =N65+(N$154-N$58)/96 -> 654823.24 | O66: =O65+(O$154-O$4)/150 -> 720240.91
A67: =A66+1 -> 63 | B67: =B66+1 -> 2092 | C67: =(D67*G67+D66*F66)/F67 -> 39.066717 | D67: =(K67+I67)*1000/G67*1000 -> 43.444129 | E67: =F67/1000000 -> 99.442215 | F67: =F66+H66+J66 -> 99442215 | G67: =H67+J67 -> 283824 | H67: =$P$21 -> 283824 | I67: =J67*1000*$Q$4/1000000000 -> 0 | J67: 0 | K67: =N67*$P$4/1000000 -> 12.330487 | L67: =J67/J66 -> 0 | M67: =N67*$P$4/1000000 -> 12.330487 | N67: =N66+(N$154-N$58)/96 -> 648972.98 | O67: =O66+(O$154-O$4)/150 -> 713647.26
A68: =A67+1 -> 64 | B68: =B67+1 -> 2093 | C68: =(D68*G68+D67*F67)/F68 -> 43.443015 | D68: =(K68+I68)*1000/G68*1000 -> 43.052496 | E68: =F68/1000000 -> 99.726039 | F68: =F67+H67+J67 -> 99726039 | G68: =H68+J68 -> 283824 | H68: =$P$21 -> 283824 | I68: =J68*1000*$Q$4/1000000000 -> 0 | J68: 0 | K68: =N68*$P$4/1000000 -> 12.219332 | L68: =J68/J67 -> #DIV/0! | M68: =N68*$P$4/1000000 -> 12.219332 | N68: =N67+(N$154-N$58)/96 -> 643122.71 | O68: =O67+(O$154-O$4)/150 -> 707053.61
A69: =A68+1 -> 65 | B69: =B68+1 -> 2094 | C69: =(D69*G69+D68*F68)/F69 -> 43.051384 | D69: =(K69+I69)*1000/G69*1000 -> 42.660862 | E69: =F69/1000000 -> 100.00986 | F69: =F68+H68+J68 -> 1.0000986e+08 | G69: =H69+J69 -> 283824 | H69: =$P$21 -> 283824 | I69: =J69*1000*$Q$4/1000000000 -> 0 | J69: 0 | K69: =N69*$P$4/1000000 -> 12.108177 | L69: =J69/J68 -> #DIV/0! | M69: =N69*$P$4/1000000 -> 12.108177 | N69: =N68+(N$154-N$58)/96 -> 637272.45 | O69: =O68+(O$154-O$4)/150 -> 700459.97
A70: =A69+1 -> 66 | B70: =B69+1 -> 2095 | C70: =(D70*G70+D69*F69)/F70 -> 42.659754 | D70: =(K70+I70)*1000/G70*1000 -> 42.269229 | E70: =F70/1000000 -> 100.29369 | F70: =F69+H69+J69 -> 1.0029369e+08 | G70: =H70+J70 -> 283824 | H70: =$P$21 -> 283824 | I70: =J70*1000*$Q$4/1000000000 -> 0 | J70: 0 | K70: =N70*$P$4/1000000 -> 11.997022 | L70: =J70/J69 -> #DIV/0! | M70: =N70*$P$4/1000000 -> 11.997022 | N70: =N69+(N$154-N$58)/96 -> 631422.18 | O70: =O69+(O$154-O$4)/150 -> 693866.32
A71: =A70+1 -> 67 | B71: =B70+1 -> 2096 | C71: =(D71*G71+D70*F70)/F71 -> 42.268123 | D71: =(K71+I71)*1000/G71*1000 -> 41.877595 | E71: =F71/1000000 -> 100.57751 | F71: =F70+H70+J70 -> 1.0057751e+08 | G71: =H71+J71 -> 283824 | H71: =$P$21 -> 283824 | I71: =J71*1000*$Q$4/1000000000 -> 0 | J71: 0 | K71: =N71*$P$4/1000000 -> 11.885866 | L71: =J71/J70 -> #DIV/0! | M71: =N71*$P$4/1000000 -> 11.885866 | N71: =N70+(N$154-N$58)/96 -> 625571.92 | O71: =O70+(O$154-O$4)/150 -> 687272.67
A72: =A71+1 -> 68 | B72: =B71+1 -> 2097 | C72: =(D72*G72+D71*F71)/F72 -> 41.876493 | D72: =(K72+I72)*1000/G72*1000 -> 41.485961 | E72: =F72/1000000 -> 100.86134 | F72: =F71+H71+J71 -> 1.0086134e+08 | G72: =H72+J72 -> 283824 | H72: =$P$21 -> 283824 | I72: =J72*1000*$Q$4/1000000000 -> 0 | J72: 0 | K72: =N72*$P$4/1000000 -> 11.774711 | L72: =J72/J71 -> #DIV/0! | M72: =N72*$P$4/1000000 -> 11.774711 | N72: =N71+(N$154-N$58)/96 -> 619721.66 | O72: =O71+(O$154-O$4)/150 -> 680679.03
A73: =A72+1 -> 69 | B73: =B72+1 -> 2098 | C73: =(D73*G73+D72*F72)/F73 -> 41.484862 | D73: =(K73+I73)*1000/G73*1000 -> 41.094328 | E73: =F73/1000000 -> 101.14516 | F73: =F72+H72+J72 -> 1.0114516e+08 | G73: =H73+J73 -> 283824 | H73: =$P$21 -> 283824 | I73: =J73*1000*$Q$4/1000000000 -> 0 | J73: 0 | K73: =N73*$P$4/1000000 -> 11.663556 | L73: =J73/J72 -> #DIV/0! | M73: =N73*$P$4/1000000 -> 11.663556 | N73: =N72+(N$154-N$58)/96 -> 613871.39 | O73: =O72+(O$154-O$4)/150 -> 674085.38
A74: =A73+1 -> 70 | B74: =B73+1 -> 2099 | C74: =(D74*G74+D73*F73)/F74 -> 41.093232 | D74: =(K74+I74)*1000/G74*1000 -> 40.702694 | E74: =F74/1000000 -> 101.42898 | F74: =F73+H73+J73 -> 1.0142898e+08 | G74: =H74+J74 -> 283824 | H74: =$P$21 -> 283824 | I74: =J74*1000*$Q$4/1000000000 -> 0 | J74: 0 | K74: =N74*$P$4/1000000 -> 11.552401 | L74: =J74/J73 -> #DIV/0! | M74: =N74*$P$4/1000000 -> 11.552401 | N74: =N73+(N$154-N$58)/96 -> 608021.13 | O74: =O73+(O$154-O$4)/150 -> 667491.73
A75: =A74+1 -> 71 | B75: =B74+1 -> 2100 | C75: =(D75*G75+D74*F74)/F75 -> 40.701601 | D75: =(K75+I75)*1000/G75*1000 -> 40.31106 | E75: =F75/1000000 -> 101.71281 | F75: =F74+H74+J74 -> 1.0171281e+08 | G75: =H75+J75 -> 283824 | H75: =$P$21 -> 283824 | I75: =J75*1000*$Q$4/1000000000 -> 0 | J75: 0 | K75: =N75*$P$4/1000000 -> 11.441246 | L75: =J75/J74 -> #DIV/0! | M75: =N75*$P$4/1000000 -> 11.441246 | N75: =N74+(N$154-N$58)/96 -> 602170.86 | O75: =O74+(O$154-O$4)/150 -> 660898.09
A76: =A75+1 -> 72 | B76: =B75+1 -> 2101 | C76: =(D76*G76+D75*F75)/F76 -> 40.309971 | D76: =(K76+I76)*1000/G76*1000 -> 39.919427 | E76: =F76/1000000 -> 101.99663 | F76: =F75+H75+J75 -> 1.0199663e+08 | G76: =H76+J76 -> 283824 | H76: =$P$21 -> 283824 | I76: =J76*1000*$Q$4/1000000000 -> 0 | J76: 0 | K76: =N76*$P$4/1000000 -> 11.330091 | L76: =J76/J75 -> #DIV/0! | M76: =N76*$P$4/1000000 -> 11.330091 | N76: =N75+(N$154-N$58)/96 -> 596320.6 | O76: =O75+(O$154-O$4)/150 -> 654304.44
A77: =A76+1 -> 73 | B77: =B76+1 -> 2102 | C77: =(D77*G77+D76*F76)/F77 -> 39.91834 | D77: =(K77+I77)*1000/G77*1000 -> 39.527793 | E77: =F77/1000000 -> 102.28046 | F77: =F76+H76+J76 -> 1.0228046e+08 | G77: =H77+J77 -> 283824 | H77: =$P$21 -> 283824 | I77: =J77*1000*$Q$4/1000000000 -> 0 | J77: 0 | K77: =N77*$P$4/1000000 -> 11.218936 | L77: =J77/J76 -> #DIV/0! | M77: =N77*$P$4/1000000 -> 11.218936 | N77: =N76+(N$154-N$58)/96 -> 590470.34 | O77: =O76+(O$154-O$4)/150 -> 647710.79
A78: =A77+1 -> 74 | B78: =B77+1 -> 2103 | C78: =(D78*G78+D77*F77)/F78 -> 39.526709 | D78: =(K78+I78)*1000/G78*1000 -> 39.13616 | E78: =F78/1000000 -> 102.56428 | F78: =F77+H77+J77 -> 1.0256428e+08 | G78: =H78+J78 -> 283824 | H78: =$P$21 -> 283824 | I78: =J78*1000*$Q$4/1000000000 -> 0 | J78: 0 | K78: =N78*$P$4/1000000 -> 11.107781 | L78: =J78/J77 -> #DIV/0! | M78: =N78*$P$4/1000000 -> 11.107781 | N78: =N77+(N$154-N$58)/96 -> 584620.07 | O78: =O77+(O$154-O$4)/150 -> 641117.15
... A153: =A152+1 -> 149 | B153: =B152+1 -> 2178 | C153: =(D153*G153+D152*F152)/F153 -> 10.154375 | D153: =(K153+I153)*1000/G153*1000 -> 9.7636388 | E153: =F153/1000000 -> 123.85108 | F153: =F152+H152+J152 -> 1.2385108e+08 | G153: =H153+J153 -> 283824 | H153: =$P$21 -> 283824 | I153: =J153*1000*$Q$4/1000000000 -> 0 | J153: 0 | K153: =N153*$P$4/1000000 -> 2.771155 | L153: =J153/J152 -> #DIV/0! | M153: =N153*$P$4/1000000 -> 2.771155 | N153: =N152+(N$154-N$58)/96 -> 145850.26 | O153: =O152+(O$154-O$4)/150 -> 146593.65
A154: =A153+1 -> 150 | B154: =B153+1 -> 2179 | C154: =(D154*G154+D153*F153)/F154 -> 9.7627434 | D154: =(K154+I154)*1000/G154*1000 -> 9.3720052 | E154: =F154/1000000 -> 124.1349 | F154: =F153+H153+J153 -> 1.241349e+08 | G154: =H154+J154 -> 283824 | H154: =$P$21 -> 283824 | I154: =J154*1000*$Q$4/1000000000 -> 0 | J154: 0 | K154: =N154*$P$4/1000000 -> 2.66 | L154: =J154/J153 -> #DIV/0! | M154: =N154*$P$4/1000000 -> 2.66 | N154: 140000 | O154: 140000
H155: =SUM(H4:H154) -> 43222128 | J155: =SUM(J4:J154) -> 81196599 | O155: 140000
H157: 388592
C187: CHLORIDE Lake con. | D187: Mean conc./year | E187: Groundwater contribution | F187: surface leaching | G187: GW-ratio surface leaching | I187: MOLYBDENUM Lake con. | J187: Mean conc./year | K187: Groundwater contribution | L187: surface leaching | M187: GW-ratio surface leaching | P187: Leaching | Q187: ground water | R187: FORMER LAKE WATER
A188: # years | B188: ÅR | D188: mg/l | E188: kg/year | F188: kg/year | G188: kg/year | J188: ug/l | K188: kg/year | L188: kg/year | M188: kg/year | P188: mg/m2/year | Q188: ug/l
A189: 0 | B189: 2029 | C189: =(D189*$G4)/$F4 -> 7.721614 | D189: =(F189+E189)*1000/$G4*1000 -> 7.721614 | E189: =$J4*1000*$Q$189/1000000000 -> 7.127136 | F189: =$O4*$P$189/1000000 -> 22.58094 | G189: =P189*$N$4/1000000 -> 22.58094 | I189: =(J189*$G4)/$F4 -> 3.0715889 | J189: =(L189+K189)*1000/$G4*1000 -> 3.0715889 | K189: =$J4*1000*$Q$190/1000000000 -> 3.3497539 | L189: =$O4*$P$190/1000000 -> 8.4678525 | M189: =$N4*$P$190/1000000 -> 8.4678525 | P189: 20 | Q189: 2 | R189: 12 | S189: CHLORIDE
A190: =A189+1 -> 1 | B190: =B189+1 -> 2030 | C190: =(D190*$G5+$D189*$F4)/$F5 -> 15.245018 | D190: =(F190+E190)*1000/$G5*1000 -> 8.1951361 | E190: =$J5*1000*$Q$189/1000000000 -> 6.496416 | F190: =$O5*$P$189/1000000 -> 22.449067 | G190: =P190*$N$4/1000000 -> 8.4678525 | I190: =(J190*$G5+$D4*$F4)/$F5 -> 8.7241048 | J190: =(L190+K190)*1000/$G5*1000 -> 3.2479082 | K190: =$J5*1000*$Q$190/1000000000 -> 3.0533155 | L190: =$O5*$P$190/1000000 -> 8.4184002 | M190: =$N5*$P$189/1000000 -> 20.582627 | P190: 7.5 | Q190: 0.94 | R190: 3.6 | S190: MOLYBDENUM
A191: =A190+1 -> 2 | B191: =B190+1 -> 2031 | C191: =(D191*$G6+$D5*$F5)/$F6 -> 6.84302 | D191: =(F191+E191)*1000/$G6*1000 -> 8.3858665 | E191: =$J6*1000*$Q$189/1000000000 -> 6.244128 | F191: =$O6*$P$189/1000000 -> 22.317194 | G191: =P191*$N$4/1000000 -> 22.58094 | I191: =(J191*$G6+$D5*$F5)/$F6 -> 4.5044047 | J191: =(L191+K191)*1000/$G6*1000 -> 3.3188666 | K191: =$J6*1000*$Q$190/1000000000 -> 2.9347402 | L191: =$O6*$P$190/1000000 -> 8.3689478 | M191: =$N6*$P$189/1000000 -> 21.577259 | P191: 20 | Q191: 68.2 | R191: 58.4 | S191: Ca
A192: =A191+1 -> 3 | B192: =B191+1 -> 2032 | C192: =(D192*$G7+$D6*$F6)/$F7 -> 6.8141373 | D192: =(F192+E192)*1000/$G7*1000 -> 8.9241608 | E192: =$J7*1000*$Q$189/1000000000 -> 5.67648 | F192: =$O7*$P$189/1000000 -> 22.185321 | G192: =P192*$N$4/1000000 -> 0 | I192: =(J192*$G7+$D6*$F6)/$F7 -> 5.2495687 | J192: =(L192+K192)*1000/$G7*1000 -> 3.5192876 | K192: =$J7*1000*$Q$190/1000000000 -> 2.6679456 | L192: =$O7*$P$190/1000000 -> 8.3194954 | M192: =$N7*$P$189/1000000 -> 20.288358 | P192: 0 | Q192: 126 | R192: 68.7 | S192: SO4
A193: =A192+1 -> 4 | B193: =B192+1 -> 2033 | C193: =(D193*$G8+$D7*$F7)/$F8 -> 6.8932673 | D193: =(F193+E193)*1000/$G8*1000 -> 9.12171 | E193: =$J8*1000*$Q$189/1000000000 -> 5.46624 | F193: =$O8*$P$189/1000000 -> 22.053448 | G193: =P193*$N$4/1000000 -> 1.5806658 | I193: =(J193*$G8+$D7*$F7)/$F8 -> 5.6938669 | J193: =(L193+K193)*1000/$G8*1000 -> 3.5927667 | K193: =$J8*1000*$Q$190/1000000000 -> 2.5691328 | L193: =$O8*$P$190/1000000 -> 8.2700431 | M193: =$N8*$P$189/1000000 -> 21.363643 | P193: 1.4 | Q193: 0.38 | R193: 0.84 | S193: Ni
A194: =A193+1 -> 5 | B194: =B193+1 -> 2034 | C194: =(D194*$G9+$D8*$F8)/$F9 -> 7.2677969 | D194: =(F194+E194)*1000/$G9*1000 -> 9.3335227 | E194: =$J9*1000*$Q$189/1000000000 -> 5.256 | F194: =$O9*$P$189/1000000 -> 21.921575 | G194: =P194*$N$4/1000000 -> 0.01129047 | I194: =(J194*$G9+$D8*$F8)/$F9 -> 6.2936565 | J194: =(L194+K194)*1000/$G9*1000 -> 3.6715511 | K194: =$J9*1000*$Q$190/1000000000 -> 2.47032 | L194: =$O9*$P$190/1000000 -> 8.2205907 | M194: =$N9*$P$189/1000000 -> 21.205239 | P194: 0.01 | Q194: 0.27 | R194: 0.13 | S194: Co
A195: =A194+1 -> 6 | B195: =B194+1 -> 2035 | C195: =(D195*$G10+$D9*$F9)/$F10 -> 7.3942311 | D195: =(F195+E195)*1000/$G10*1000 -> 9.5612015 | E195: =$J10*1000*$Q$189/1000000000 -> 5.04576 | F195: =$O10*$P$189/1000000 -> 21.789702 | G195: =P195*$N$4/1000000 -> 0.01129047 | I195: =(J195*$G10+$D9*$F9)/$F10 -> 6.5728609 | J195: =(L195+K195)*1000/$G10*1000 -> 3.7562371 | K195: =$J10*1000*$Q$190/1000000000 -> 2.3715072 | L195: =$O10*$P$190/1000000 -> 8.1711384 | M195: =$N10*$P$189/1000000 -> 21.044712 | P195: 0.01 | Q195: 2.8 | R195: 1.5 | S195: Zn
A196: =A195+1 -> 7 | B196: =B195+1 -> 2036 | C196: =(D196*$G11+$D10*$F10)/$F11 -> 7.5542837 | D196: =(F196+E196)*1000/$G11*1000 -> 8.7206178 | E196: =$J11*1000*$Q$189/1000000000 -> 4.88808 | F196: =$O11*$P$189/1000000 -> 21.657829 | G196: =P196*$N$4/1000000 -> 21.451893 | I196: =(J196*$G11+$D10*$F10)/$F11 -> 6.8420577 | J196: =(L196+K196)*1000/$G11*1000 -> 3.4227815 | K196: =$J11*1000*$Q$190/1000000000 -> 2.2973976 | L196: =$O11*$P$190/1000000 -> 8.121686 | M196: =$N11*$P$189/1000000 -> 21.108774 | P196: 19 | Q196: 0.18 | R196: 7.7 | S196: Cu
A197: =A196+1 -> 8 | B197: =B196+1 -> 2037 | C197: =(D197*$G12+$D11*$F11)/$F12 -> 6.9566174 | D197: =(F197+E197)*1000/$G12*1000 -> 8.8548349 | E197: =$J12*1000*$Q$189/1000000000 -> 4.7304 | F197: =$O12*$P$189/1000000 -> 21.525957 | G197: =P197*$N$4/1000000 -> 0 | I197: =(J197*$G12+$D11*$F11)/$F12 -> 6.3352562 | J197: =(L197+K197)*1000/$G12*1000 -> 3.4721171 | K197: =$J12*1000*$Q$190/1000000000 -> 2.223288 | L197: =$O12*$P$190/1000000 -> 8.0722337 | M197: =$N12*$P$189/1000000 -> 20.95919
A198: =A197+1 -> 9 | B198: =B197+1 -> 2038 | C198: =(D198*$G13+$D12*$F12)/$F13 -> 7.0550375 | D198: =(F198+E198)*1000/$G13*1000 -> 10.103091 | E198: =$J13*1000*$Q$189/1000000000 -> 4.57272 | F198: =$O13*$P$189/1000000 -> 21.394084 | G198: =P198*$N$4/1000000 -> 0 | I198: =(J198*$G13+$D12*$F12)/$F13 -> 6.5037743 | J198: =(L198+K198)*1000/$G13*1000 -> 3.9576776 | K198: =$J13*1000*$Q$190/1000000000 -> 2.1491784 | L198: =$O13*$P$190/1000000 -> 8.0227813 | M198: =$N13*$P$189/1000000 -> 20.808425
A199: =A198+1 -> 10 | B199: =B198+1 -> 2039 | C199: =(D199*$G14+$D13*$F13)/$F14 -> 8.0274849 | D199: =(F199+E199)*1000/$G14*1000 -> 10.306586 | E199: =$J14*1000*$Q$189/1000000000 -> 4.41504 | F199: =$O14*$P$189/1000000 -> 21.262211 | G199: =P199*$N$4/1000000 -> 0 | I199: =(J199*$G14+$D13*$F13)/$F14 -> 7.5269174 | J199: =(L199+K199)*1000/$G14*1000 -> 4.0333241 | K199: =$J14*1000*$Q$190/1000000000 -> 2.0750688 | L199: =$O14*$P$190/1000000 -> 7.973329 | M199: =$N14*$P$189/1000000 -> 20.656357
A200: =A199+1 -> 11 | B200: =B199+1 -> 2040 | C200: =(D200*$G15+$D14*$F14)/$F15 -> 8.1963049 | D200: =(F200+E200)*1000/$G15*1000 -> 10.468034 | E200: =$J15*1000*$Q$189/1000000000 -> 4.288896 | F200: =$O15*$P$189/1000000 -> 21.130338 | G200: =P200*$N$4/1000000 -> 0 | I200: =(J200*$G15+$D14*$F14)/$F15 -> 7.7371558 | J200: =(L200+K200)*1000/$G15*1000 -> 4.0933049 | K200: =$J15*1000*$Q$190/1000000000 -> 2.0157811 | L200: =$O15*$P$190/1000000 -> 7.9238766 | M200: =$N15*$P$189/1000000 -> 20.654719
A201: =A200+1 -> 12 | B201: =B200+1 -> 2041 | C201: =(D201*$G16+$D15*$F15)/$F16 -> 8.3821808 | D201: =(F201+E201)*1000/$G16*1000 -> 10.638093 | E201: =$J16*1000*$Q$189/1000000000 -> 4.162752 | F201: =$O16*$P$189/1000000 -> 20.998465 | G201: =P201*$N$4/1000000 -> 0 | I201: =(J201*$G16+$D15*$F15)/$F16 -> 7.9580109 | J201: =(L201+K201)*1000/$G16*1000 -> 4.1564848 | K201: =$J16*1000*$Q$190/1000000000 -> 1.9564934 | L201: =$O16*$P$190/1000000 -> 7.8744243 | M201: =$N16*$P$189/1000000 -> 20.508857
A202: =A201+1 -> 13 | B202: =B201+1 -> 2042 | C202: =(D202*$G17+$D16*$F16)/$F17 -> 8.526952 | D202: =(F202+E202)*1000/$G17*1000 -> 11.485105 | E202: =$J17*1000*$Q$189/1000000000 -> 4.036608 | F202: =$O17*$P$189/1000000 -> 20.866592 | G202: =P202*$N$4/1000000 -> 0 | I202: =(J202*$G17+$D16*$F16)/$F17 -> 8.1327123 | J202: =(L202+K202)*1000/$G17*1000 -> 4.4837706 | K202: =$J17*1000*$Q$190/1000000000 -> 1.8972058 | L202: =$O17*$P$190/1000000 -> 7.8249719 | M202: =$N17*$P$189/1000000 -> 20.362148
A203: =A202+1 -> 14 | B203: =B202+1 -> 2043 | C203: =(D203*$G18+$D17*$F17)/$F18 -> 9.2102212 | D203: =(F203+E203)*1000/$G18*1000 -> 11.706635 | E203: =$J18*1000*$Q$189/1000000000 -> 3.910464 | F203: =$O18*$P$189/1000000 -> 20.734719 | G203: =P203*$N$4/1000000 -> 0 | I203: =(J203*$G18+$D17*$F17)/$F18 -> 8.8406674 | J203: =(L203+K203)*1000/$G18*1000 -> 4.5664505 | K203: =$J18*1000*$Q$190/1000000000 -> 1.8379181 | L203: =$O18*$P$190/1000000 -> 7.7755196 | M203: =$N18*$P$189/1000000 -> 20.214511
A204: =A203+1 -> 15 | B204: =B203+1 -> 2044 | C204: =(D204*$G19+$D18*$F18)/$F19 -> 9.4020431 | D204: =(F204+E204)*1000/$G19*1000 -> 11.20742 | E204: =$J19*1000*$Q$189/1000000000 -> 3.78432 | F204: =$O19*$P$189/1000000 -> 20.602846 | G204: =P204*$N$4/1000000 -> 0 | I204: =(J204*$G19+$D18*$F18)/$F19 -> 9.0541643 | J204: =(L204+K204)*1000/$G19*1000 -> 4.3679998 | K204: =$J19*1000*$Q$190/1000000000 -> 1.7786304 | L204: =$O19*$P$190/1000000 -> 7.7260672 | M204: =$N19*$P$189/1000000 -> 20.065857
A205: =A204+1 -> 16 | B205: =B204+1 -> 2045 | C205: =(D205*$G20+$D19*$F19)/$F20 -> 9.0220792 | D205: =(F205+E205)*1000/$G20*1000 -> 11.419855 | E205: =$J20*1000*$Q$189/1000000000 -> 3.658176 | F205: =$O20*$P$189/1000000 -> 20.470973 | G205: =P205*$N$4/1000000 -> 0 | I205: =(J205*$G20+$D19*$F19)/$F20 -> 8.694359 | J205: =(L205+K205)*1000/$G20*1000 -> 4.4469233 | K205: =$J20*1000*$Q$190/1000000000 -> 1.7193427 | L205: =$O20*$P$190/1000000 -> 7.6766149 | M205: =$N20*$P$189/1000000 -> 19.916084
A206: =A205+1 -> 17 | B206: =B205+1 -> 2046 | C206: =(D206*$G21+$D20*$F20)/$F21 -> 9.2092772 | D206: =(F206+E206)*1000/$G21*1000 -> 11.571735 | E206: =$J21*1000*$Q$189/1000000000 -> 3.563568 | F206: =$O21*$P$189/1000000 -> 20.3391 | G206: =P206*$N$4/1000000 -> 0 | I206: =(J206*$G21+$D20*$F20)/$F21 -> 8.8990843 | J206: =(L206+K206)*1000/$G21*1000 -> 4.5032937 | K206: =$J21*1000*$Q$190/1000000000 -> 1.674877 | L206: =$O21*$P$190/1000000 -> 7.6271625 | M206: =$N21*$P$189/1000000 -> 19.941551
A207: =A206+1 -> 18 | B207: =B206+1 -> 2047 | C207: =(D207*$G22+$D21*$F21)/$F22 -> 9.4164188 | D207: =(F207+E207)*1000/$G22*1000 -> 11.730734 | E207: =$J22*1000*$Q$189/1000000000 -> 3.46896 | F207: =$O22*$P$189/1000000 -> 20.207227 | G207: =P207*$N$4/1000000 -> 0 | I207: =(J207*$G22+$D21*$F21)/$F22 -> 9.1219642 | J207: =(L207+K207)*1000/$G22*1000 -> 4.5623065 | K207: =$J22*1000*$Q$190/1000000000 -> 1.6304112 | L207: =$O22*$P$190/1000000 -> 7.5777102 | M207: =$N22*$P$189/1000000 -> 19.799124
A208: =A207+1 -> 19 | B208: =B207+1 -> 2048 | C208: =(D208*$G23+$D22*$F22)/$F23 -> 9.5585959 | D208: =(F208+E208)*1000/$G23*1000 -> 11.897365 | E208: =$J23*1000*$Q$189/1000000000 -> 3.374352 | F208: =$O23*$P$189/1000000 -> 20.075354 | G208: =P208*$N$4/1000000 -> 0 | I208: =(J208*$G23+$D22*$F22)/$F23 -> 9.2783507 | J208: =(L208+K208)*1000/$G23*1000 -> 4.6241518 | K208: =$J23*1000*$Q$190/1000000000 -> 1.5859454 | L208: =$O23*$P$190/1000000 -> 7.5282578 | M208: =$N23*$P$189/1000000 -> 19.656121
... A339: =A338+1 -> 150 | B339: =B338+1 -> 2179 | C339: =(D339*$G154+$D153*$F153)/$F154 -> 9.7638712 | D339: =(F339+E339)*1000/$G154*1000 -> 9.8652686 | E339: =$J154*1000*$Q$189/1000000000 -> 0 | F339: =$O154*$P$189/1000000 -> 2.8 | G339: =P339*$N$4/1000000 -> 0 | I339: =(J339*$G154+$D153*$F153)/$F154 -> 9.7497736 | J339: =(L339+K339)*1000/$G154*1000 -> 3.6994757 | K339: =$J154*1000*$Q$190/1000000000 -> 0 | L339: =$O154*$P$190/1000000 -> 1.05 | M339: =$N154*$P$189/1000000 -> 2.8

Sheet Nitrogen
C1: Vinter | D1: sommer | E1: Total/år | G1: KOMMENTAR
A2: Övergripande | B2: Förbrukad mgd sprängmedel [ton/år] | C2: =E2*5/12 -> 2982.0833 | D2: =E2-C2 -> 4174.9167 | E2: 7157 | G2: Data från TB 2012-07-06, basert på 15.5 Mton/år malm och 11 Mton/år sidoberg. Vinterperiode med frost, uten avrenning satt til 5 mnd/år
B3: Kvävekvot i sprängmedel [%] | C3: 0.27 | D3: =C3 -> 0.27 | E3: =D3 -> 0.27
B4: Spillkvot [%] | C4: 0.02 | D4: =C4 -> 0.02 | E4: =D4 -> 0.02
B5: Spillt kväve inn i systemet [kg/år] | C5: =C2*C3*C4*1000 -> 16103.25 | D5: =D2*D3*D4*1000 -> 22544.55 | E5: =E2*E3*E4*1000 -> 38647.8
B6: Malm (Mton/år) | C6: =E6*5/12 -> 6.4583333 | D6: =E6-C6 -> 9.0416667 | E6: 15.5
B7: Sidoberg (Mton/år) | C7: =E7*5/12 -> 4.5833333 | D7: =E7-C7 -> 6.4166667 | E7: 11
A9: Delflöden | B9: Till länshållningsvatten [%] | C9: 0 | D9: =0.3333 -> 0.3333 | E9: =(C9+D9)/2 -> 0.16665 | G9: Antar at det brukes like my sprengemne for sidoberg som malm. Fordeling sidoberg-malm gir sprengmeldel rest til fordeling. Antar at all sprengmedel går til sideberg opplåg och malmprocesseringen.
B10: Till sidoberg [%] | C10: =C7/(C6+C7)/100% -> 0.41509434 | D10: =D7/(D6+D7)/100%*0.6667 -> 0.2767434 | E10: =(C10+D10)/2 -> 0.34591887 | F10: kontrollsumma
B11: Till malm [%] | C11: =C6/(C6+C7)/100% -> 0.58490566 | D11: =D6/(D6+D7)/100%*0.6667 -> 0.3899566 | E11: =(C11+D11)/2 -> 0.48743113 | F11: =SUM(D9:D11) -> 1
A13: Malm | B13: malm -->sovringsavfall [%] | C13: 0.09 | D13: =C13 -> 0.09 | F13: kontrollsumma
B14: malm-->anrikningsrågods [%] | C14: 0.16 | D14: =C14 -> 0.16 | F14: =SUM(C13:C14)+C17+C18 -> 1
B15: Urtvättning av kväve från upplag anrikningsrågods [% - av med materialet upplagt N-tot] | C15: 0 | D15: 0.05 | G15: Upplag anrikningsrågods ca en vecka i genomsnitt (plats finns för detta). Upplag för malm bara i genomsnitt max en dag (försummas därför).
B16: Urtvättning av kväve från upplag malm/anrikningsrågods [% - av N-tot] -->sedimentationsdamm via uppsamlingsdike | C16: =C15*C14 -> 0 | D16: =D15*D14 -> 0.008
B17: Processvatten | C17: =1-C13-C14-C18 -> 0.59 | D17: =1-D13-D14-D18 -> 0.598
B18: N-tot med anrikningsrågods ut ur systemet [%] | C18: =C14-C16 -> 0.16 | D18: =D14-D16 -> 0.152
B19: N-tot ut till sed.damm [kg/år] | C19: =C16*C5*C11+C11*C17*C5 -> 5557.1404 | D19: =D16*D5*D11+D11*D17*D5 -> 5327.5861 | G19: Anrikningsavfall och processvatten går ochså til sedimentasjonsdamm
B20: NH4-N [kg/år] ut till sed.damm | C20: =C19/2 -> 2778.5702 | D20: =D19/2 -> 2663.793
A23: Från upplag sovringsavfall till sedimentationsdamm | B23: N-tot in till upplag sovringsavfall [kg/år] | C23: =C13*C5 -> 1449.2925 | D23: =D13*D5 -> 2029.0095
B24: 2a. Andel totalkväve som blir kvar på lång sikt i upplaget [%] | C24: 0 | D24: =C24 -> 0
B25: 2b. Andel av lakvatten som transporteras diffust under dike och vidare (gv-bildning till berg samt grundvatten i jord under dikesbotten). [%] | C25: 0 | D25: 0.2 | G25: Mertainen info (Bergab)
B26: 2c. Andel NH4-N av N-tot ut till uppsamlingsdike vid upplagsfot. [%] | C26: 0 | D26: 0.1 | G26: Mertainen info (Bergab)
B27: Från upplag sovringsavfall till sedimentationsdamm N-tot [kg /år] | C27: 0 | D27: =(D23+C23)*(1-D24)*(1-D25) -> 2782.6416
B28: NH4-N [kg/år] ut till sed.damm | C28: =C26*C27 -> 0 | D28: =D26*D27 -> 278.26416
A31: Från upplag sidoberg till sedimentationsdamm | B31: N-tot in till upplag sidoberg [kg/år] | C31: =C10*C5 -> 6684.3679 | D31: =D10*D5 -> 6239.0553
B32: 3a. Andel totalkväve som blir kvar på lång sikt i upplaget [%] | C32: 0 | D32: =C32 -> 0
B33: 3b. Andel av lakvatten som transporteras diffust under dike och vidare (gv-bildning till berg samt grundvatten i jord under dikesbotten). [%] | C33: 0 | D33: 0.2
B34: 3c. Andel NH4-N av N-tot ut till uppsamlingsdike vid upplagsfot. [%] | C34: 0 | D34: =0.1 -> 0.1
B35: Från upplag sidoberg till sedimentationsdamm N-tot [kg /år] | C35: 0 | D35: =(D31+C31)*(1-D32)*(1-D33) -> 10338.739
B36: NH4-N [kg/år] ut till sed.damm | C36: =C35*C34 -> 0 | D36: =D35*D34 -> 1033.8739
A38: Länshållningsvattenfrån dagbrott | B38: N-tot in till länshållningsvatten [kg/år] | C38: =C5*C9 -> 0 | D38: =D5*D9 -> 7514.0985
B39: Andel NH4-N av N-tot länshållningsvatten. [%] | C39: 0.15 | D39: 0.25 | G39: Mertainen info (Bergab)
B40: N-tot lensholdningsvatten [kg/år] | C40: =C38 -> 0 | D40: =D38 -> 7514.0985
B41: NH4-N [kg/år] Lensholdningsvatten | C41: =C38*C39 -> 0 | D41: =D38*D39 -> 1878.5246
A43: Sedimentationsdammar | B43: Massflöde N-tot in till sedimentationsdamm [kg/år] | C43: =C27+C35+C40 -> 0 | D43: =D27+D35+D40 -> 20635.479 | E43: =C43+D43 -> 20635.479 | G43: Länshållningsvattenfrån dagbrott, Från sidoberg, från sovring
B44: Massflöde NH4-N in till sedimentationsdamm [kg/år] | C44: =C28+C36+C41 -> 0 | D44: =D28+D36+D41 -> 3190.6626
B45: Massflöde NO3-N in till sedimentationsdamm [kg/år] | D45: =D43-D44 -> 17444.816
B46: Andel NH4-N av N-tot inkommande vatten till sedimentationsdamm. [%] | C46: 0 | D46: =D44/D43 -> 0.15462024
B47: Reduktion av kvot NH4-N/N-tot i sedimentationsdammar [%] | C47: 0 | D47: 0 | G47: Mertainen info (Bergab)
B48: Kvot NH4-N/N-tot ut från sedimentationsdamm [%] | C48: 0 | D48: =D46-D47 -> 0.15462024 | G48: Mertainen info (Bergab)
B49: Resulterande massflöde NH4-N till recipient [kg/år] | C49: =C44*(1-C47) -> 0 | D49: =D44*(1-D47) -> 3190.6626 | G49: Vil fortjokkad deponi resultere i kveve sittende i avgangssedimentene?
A51: Kvevekonsentrasjoner | B51: Vattenföring i lensholdningsvatten [Mm3/year] | C51: =1.135/12*5 -> 0.47291667 | D51: =1.135/12*7+0.189*7/12 -> 0.77233333
B52: Vattenföring i processsvattensystemet [m3/s]
B53: Lensholdningsvatten NH3-N (mg/l) | C53: =(C41*1000000)/(C51*1000000000) -> 0 | D53: =(D41*1000000)/(D51*1000000000) -> 2.4322719
B54: pH i Lensholdningsvatten | C54: 8 | D54: 8.1
B61: FRA BERGAB
C62: =C64*60*60*24*360/1000000 -> 11.166336
A64: recipient | B64: Vattenföring i recipient uppströms avbördningspunkt från verksamheten [m3/s] | C64: =C67-0.083-0.033 -> 0.359 | D64: =D67-0.054-0.0036 -> 0.1024 | G64: Unodata: SVA69-upplagsvatten-länshållningsvatten. Antar övrigt vatten håller bakgrundskoncentrationen i Mertaseno
B65: Bakgrundskonc NH4-N i recipient [mg/l] | C65: 0.005 | D65: 0.005 | G65: alla data under detgräns, så halva detgräns satt! Praxis
B66: Bakgrundstransport av NH4-N i recipient [kg/år] | C66: =(C64*1000*365*24*3600)*(0.000001*C65) -> 56.60712 | D66: =(D64*1000*365*24*3600)*(0.000001*D65) -> 16.146432
B67: Total vattenföring i recipient inklusive avbördning från verksamhet [m3/s] | C67: 0.475 | D67: 0.16
B68: Total massa NH4-N i recipient [kg/år] | C68: =C66+C49 -> 56.60712 | D68: =D66+D49 -> 3206.8091 | G68: SVA 69
B69: Resulterande koncentration NH4-N i recipient [mg/l] | C69: =(C68*1000*1000)/(365*24*3600)/(C67*1000) -> 0.0037789474 | D69: =(D68*1000*1000)/(365*24*3600)/(D67*1000) -> 0.63554531
B70: pH i recipient [dim.lös] | C70: 7.65 | D70: 7.58 | G70: max uppmätt: 7,7; Beräkning av Sweco via Uno
B71: temperatur i recipient [C] | C71: 2 | D71: 15 | G71: max uppmätt: 13,3
B73: Sprängmedelsförbrukning [ton/år] | C73: =C2 -> 2982.0833 | D73: =D2 -> 4174.9167
C74: MQ | D74: MLQ
B75: NH3 [mg/l]= | C75: ='[1]NH3-beräkning'!B22 -> 5.5515096e-05 | D75: ='[1]NH3-beräkning'!C22 -> 1.4847543e-05
B77: Riktvärde laxvatten [mg/l] | C77: 0.005 | D77: 0.005
B78: Gränsvärde laxvatten [mg/l] | C78: 0.025 | D78: 0.025
A80: Björn Winnerstam, 20121127

Sheet Process water
M1: 2015 | Q1: 2015 | S1: =M1+1 -> 2016 | W1: =Q1+1 -> 2016 | Y1: =S1+1 -> 2017 | AC1: =W1+1 -> 2017 | AE1: =Y1+1 -> 2018 | AH1: =AC1+1 -> 2018 | AI1: =AE1+1 -> 2019 | AK1: =AH1+1 -> 2019 | AL1: =AI1+1 -> 2020 | AN1: =AK1+1 -> 2020 | AO1: =AL1+1 -> 2021 | AQ1: =AN1+1 -> 2021 | AR1: =AO1+1 -> 2022 | AT1: =AQ1+1 -> 2022 | AU1: =AR1+1 -> 2023 | AW1: =AT1+1 -> 2023 | AX1: =AU1+1 -> 2024 | AZ1: =AW1+1 -> 2024 | BA1: =AX1+1 -> 2025 | BC1: =AZ1+1 -> 2025 | BD1: =BA1+1 -> 2026 | BF1: =BC1+1 -> 2026 | BG1: =BD1+1 -> 2027 | BI1: =BF1+1 -> 2027 | BJ1: =BG1+1 -> 2028 | BL1: =BI1+1 -> 2028 | BM1: =BJ1+1 -> 2029 | BO1: =BL1+1 -> 2029 | BP1: =BM1+1 -> 2030 | BR1: =BO1+1 -> 2030
A2: UNIT | B2: FLOW dry | D2: FLOW norm | E2: FLOW wet | I2: HOLDING | M2: Year 1 | Q2: FLOW N | S2: Year 2 | W2: FLOW N | Y2: Year 3 | AC2: FLOW N | AE2: Year 4 | AH2: FLOW N | AI2: Year 5 | AK2: FLOW N | AL2: Year 6 | AN2: FLOW N | AO2: Year 7 | AQ2: FLOW N | AR2: Year 8 | AT2: FLOW N | AU2: Year 9 | AW2: FLOW N | AX2: Year 10 | AZ2: FLOW N | BA2: Year 11 | BC2: FLOW N | BD2: Year 12 | BF2: FLOW N | BG2: Year 13 | BI2: FLOW N | BJ2: Year 14 | BL2: FLOW N | BM2: Year 14 | BO2: FLOW N | BP2: Year 15 | BR2: FLOW N
B3: Mm3/year | D3: Mm3/year | E3: Mm3/year | I3: Mm3 | M3: Cu | O3: NH4 | Q3: Mm3/y | S3: Cu | U3: NH4 | W3: Mm3/y | Y3: Cu | AA3: NH4 | AC3: Mm3/y | AE3: Cu | AG3: NH4 | AH3: Mm3/y | AI3: Cu | AJ3: NH4 | AK3: Mm3/y | AL3: Cu | AM3: NH4 | AN3: Mm3/y | AO3: Cu | AP3: NH4 | AQ3: Mm3/y | AR3: Cu | AS3: NH4 | AT3: Mm3/y | AU3: Cu | AV3: NH4 | AW3: Mm3/y | AX3: Cu | AY3: NH4 | AZ3: Mm3/y | BA3: Cu | BB3: NH4 | BC3: Mm3/y | BD3: Cu | BE3: NH4 | BF3: Mm3/y | BG3: Cu | BH3: NH4 | BI3: Mm3/y | BJ3: Cu | BK3: NH4 | BL3: Mm3/y | BM3: Cu | BN3: NH4 | BO3: Mm3/y | BP3: Cu | BQ3: NH4 | BR3: Mm3/y
A4: Leveaniemi | B4: 3.94 | D4: 4.09 | E4: 4.33 | O4: ='Modell During mining'!D34 -> 4.1300472 | S4: ='Modell During mining'!D5 -> 21.489717 | U4: ='Modell During mining'!D35 -> 3.6149082 | Y4: ='Modell During mining'!$D6 -> 19.204001 | AA4: ='Modell During mining'!D36 -> 3.2140246 | AE4: ='Modell During mining'!$D7 -> 17.374638 | AG4: ='Modell During mining'!D37 -> 2.893179 | AI4: ='Modell During mining'!$D8 -> 15.877363 | AJ4: ='Modell During mining'!D38 -> 2.6305773 | AK4: ='Modell During mining'!$G8/1000000 -> 2.0795072 | AL4: ='Modell During mining'!$D9 -> 14.629274 | AM4: ='Modell During mining'!D39 -> 2.4116794 | AN4: ='Modell During mining'!$G9/1000000 -> 2.268256 | AO4: ='Modell During mining'!$D10 -> 13.572944 | AP4: ='Modell During mining'!D40 -> 2.2264132 | AQ4: ='Modell During mining'!$G10/1000000 -> 2.4570048 | AR4: ='Modell During mining'!$D11 -> 12.667331 | AS4: ='Modell During mining'!D41 -> 2.067581 | AT4: ='Modell During mining'!$G11/1000000 -> 2.6457536 | AU4: ='Modell During mining'!$D12 -> 11.882327 | AV4: ='Modell During mining'!D42 -> 1.9299019 | AW4: ='Modell During mining'!$G12/1000000 -> 2.8345024 | AX4: ='Modell During mining'!$D13 -> 11.195343 | AY4: ='Modell During mining'!D43 -> 1.8094141 | AZ4: ='Modell During mining'!$G13/1000000 -> 3.0232512 | BA4: ='Modell During mining'!$D14 -> 10.589098 | BB4: ='Modell During mining'!D44 -> 1.703087 | BC4: ='Modell During mining'!$G14/1000000 -> 3.212 | BD4: ='Modell During mining'!$D15 -> 10.050148 | BE4: ='Modell During mining'!D45 -> 1.6085625 | BF4: ='Modell During mining'!$G15/1000000 -> 3.4007488 | BG4: ='Modell During mining'!$D16 -> 9.5678788 | BH4: ='Modell During mining'!D46 -> 1.523979 | BI4: ='Modell During mining'!$G16/1000000 -> 3.5894976 | BJ4: ='Modell During mining'!$D17 -> 9.1337946 | BK4: ='Modell During mining'!D47 -> 1.4478465 | BL4: ='Modell During mining'!$G17/1000000 -> 3.7782464 | BM4: ='Modell During mining'!$D18 -> 8.7410176 | BN4: ='Modell During mining'!D48 -> 1.3789587 | BO4: ='Modell During mining'!$G18/1000000 -> 3.9669952 | BP4: ='Modell During mining'!$D19 -> 8.3839195 | BQ4: ='Modell During mining'!D49 -> 1.3163285 | BR4: ='Modell During mining'!$G19/1000000 -> 4.155744
A5: Ditch, SW to Mettresk | B5: 0.67 | E5: 1.48 | O5: 0.6 | S5: 0.6 | W5: 0.95 | Y5: 0.6 | AC5: 0.95 | AE5: 0.6 | AH5: 0.95 | AI5: 0.6 | AK5: 0.95 | AL5: 0.6 | AN5: 0.95 | AO5: 0.6 | AQ5: 0.95 | AR5: 0.6 | AT5: 0.95 | AU5: 0.6 | AW5: 0.95 | AX5: 0.6 | AZ5: 0.95 | BA5: 0.6 | BC5: 0.95 | BD5: 0.6 | BF5: 0.95 | BG5: 0.6 | BI5: 0.95 | BJ5: 0.6 | BL5: 0.95 | BM5: 0.6 | BO5: 0.95 | BP5: 0.6 | BR5: 0.95
A6: Ditch, SE to oil-separation | B6: 0.21 | E6: 0.48 | O6: 0.6 | S6: 0.6 | W6: 0.31 | Y6: 0.6 | AC6: 0.31 | AE6: 0.6 | AH6: 0.31 | AI6: 0.6 | AK6: 0.31 | AL6: 0.6 | AN6: 0.31 | AO6: 0.6 | AQ6: 0.31 | AR6: 0.6 | AT6: 0.31 | AU6: 0.6 | AW6: 0.31 | AX6: 0.6 | AZ6: 0.31 | BA6: 0.6 | BC6: 0.31 | BD6: 0.6 | BF6: 0.31 | BG6: 0.6 | BI6: 0.31 | BJ6: 0.6 | BL6: 0.31 | BM6: 0.6 | BO6: 0.31 | BP6: 0.6 | BR6: 0.31
A7: Gruvberget | B7: 1.26 | E7: 1.26 | O7: 2 | S7: 2 | W7: 1.26 | Y7: 2 | AC7: 1.26 | AE7: 2 | AH7: 1.26 | AI7: 2 | AK7: 1.26 | AL7: 2 | AN7: 1.26 | AO7: 2 | AQ7: 1.26 | AR7: 2 | AT7: 1.26 | AU7: 2 | AW7: 1.26 | AX7: 2 | AZ7: 1.26 | BA7: 2 | BC7: 1.26 | BD7: 2 | BF7: 1.26 | BG7: 2 | BI7: 1.26 | BJ7: 2 | BL7: 1.26 | BM7: 2 | BO7: 1.26 | BP7: 2 | BR7: 1.26
A8: Surface water | B8: 1.12 | E8: 2.62 | O8: 0 | S8: 0 | W8: 1.5 | Y8: 0 | AC8: 1.5 | AE8: 0 | AH8: 1.5 | AI8: 0 | AK8: 1.5 | AL8: 0 | AN8: 1.5 | AO8: 0 | AQ8: 1.5 | AR8: 0 | AT8: 1.5 | AU8: 0 | AW8: 1.5 | AX8: 0 | AZ8: 1.5 | BA8: 0 | BC8: 1.5 | BD8: 0 | BF8: 1.5 | BG8: 0 | BI8: 1.5 | BJ8: 0 | BL8: 1.5 | BM8: 0 | BO8: 1.5 | BP8: 0 | BR8: 1.5
A9: Loss from pellizing plants | B9: 0.36 | E9: 0.36 | O9: 0 | S9: 0 | W9: 0.36 | Y9: 0 | AC9: 0.36 | AE9: 0 | AH9: 0.36 | AI9: 0 | AK9: 0.36 | AL9: 0 | AN9: 0.36 | AO9: 0 | AQ9: 0.36 | AR9: 0 | AT9: 0.36 | AU9: 0 | AW9: 0.36 | AX9: 0 | AZ9: 0.36 | BA9: 0 | BC9: 0.36 | BD9: 0 | BF9: 0.36 | BG9: 0 | BI9: 0.36 | BJ9: 0 | BL9: 0.36 | BM9: 0 | BO9: 0.36 | BP9: 0 | BR9: 0.36
A10: To dams from Process plant | B10: 25.21 | E10: 25.21 | O10: 2.5 | S10: 2.5 | W10: 25.21 | Y10: 2.5 | AC10: 25.21 | AE10: 2.5 | AH10: 25.21 | AI10: 2.5 | AK10: 25.21 | AL10: 2.5 | AN10: 25.21 | AO10: 2.5 | AQ10: 25.21 | AR10: 2.5 | AT10: 25.21 | AU10: 2.5 | AW10: 25.21 | AX10: 2.5 | AZ10: 25.21 | BA10: 2.5 | BC10: 25.21 | BD10: 2.5 | BF10: 25.21 | BG10: 2.5 | BI10: 25.21 | BJ10: 2.5 | BL10: 25.21 | BM10: 2.5 | BO10: 25.21 | BP10: 2.5 | BR10: 25.21
A11: P2 to process plant | B11: 21.68 | E11: 20.99 | O11: 2.5 | S11: 2.5 | W11: 21.42 | Y11: 2.5 | AC11: 21.42 | AE11: 2.5 | AH11: 21.42 | AI11: 2.5 | AK11: 21.42 | AL11: 2.5 | AN11: 21.42 | AO11: 2.5 | AQ11: 21.42 | AR11: 2.5 | AT11: 21.42 | AU11: 2.5 | AW11: 21.42 | AX11: 2.5 | AZ11: 21.42 | BA11: 2.5 | BC11: 21.42 | BD11: 2.5 | BF11: 21.42 | BG11: 2.5 | BI11: 21.42 | BJ11: 2.5 | BL11: 21.42 | BM11: 2.5 | BO11: 21.42 | BP11: 2.5 | BR11: 21.42
A12: Tailings storage | B12: 0.11 | E12: 0.11 | O12: 2.5 | S12: 2.5 | W12: 0.11 | Y12: 2.5 | AC12: 0.11 | AE12: 2.5 | AH12: 0.11 | AI12: 2.5 | AK12: 0.11 | AL12: 2.5 | AN12: 0.11 | AO12: 2.5 | AQ12: 0.11 | AR12: 2.5 | AT12: 0.11 | AU12: 2.5 | AW12: 0.11 | AX12: 2.5 | AZ12: 0.11 | BA12: 2.5 | BC12: 0.11 | BD12: 2.5 | BF12: 0.11 | BG12: 2.5 | BI12: 0.11 | BJ12: 2.5 | BL12: 0.11 | BM12: 2.5 | BO12: 0.11 | BP12: 2.5 | BR12: 0.11
A13: Discharge | B13: 4.79 | E13: 7.78 | O13: 2.5 | S13: 2.5 | W13: 5.8 | Y13: 2.5 | AC13: 5.8 | AE13: 2.5 | AH13: 5.8 | AI13: 2.5 | AK13: 5.8 | AL13: 2.5 | AN13: 5.8 | AO13: 2.5 | AQ13: 5.8 | AR13: 2.5 | AT13: 5.8 | AU13: 2.5 | AW13: 5.8 | AX13: 2.5 | AZ13: 5.8 | BA13: 2.5 | BC13: 5.8 | BD13: 2.5 | BF13: 5.8 | BG13: 2.5 | BI13: 5.8 | BJ13: 2.5 | BL13: 5.8 | BM13: 2.5 | BO13: 5.8 | BP13: 2.5 | BR13: 5.8
A14: Leakage | B14: 1.7 | E14: 1.7 | O14: 2.5 | S14: 2.5 | W14: 1.7 | Y14: 2.5 | AC14: 1.7 | AE14: 2.5 | AH14: 1.7 | AI14: 2.5 | AK14: 1.7 | AL14: 2.5 | AN14: 1.7 | AO14: 2.5 | AQ14: 1.7 | AR14: 2.5 | AT14: 1.7 | AU14: 2.5 | AW14: 1.7 | AX14: 2.5 | AZ14: 1.7 | BA14: 2.5 | BC14: 1.7 | BD14: 2.5 | BF14: 1.7 | BG14: 2.5 | BI14: 1.7 | BJ14: 2.5 | BL14: 1.7 | BM14: 2.5 | BO14: 1.7 | BP14: 2.5 | BR14: 1.7
A15: Mettresk, Tailings, Recip., Clearing. | I15: 1.84 | O15: 2.5 | S15: 2.5 | W15: 1.84 | Y15: 2.5 | AC15: 1.84 | AE15: 2.5 | AH15: 1.84 | AI15: 2.5 | AK15: 1.84 | AL15: 2.5 | AN15: 1.84 | AO15: 2.5 | AQ15: 1.84 | AR15: 2.5 | AT15: 1.84 | AU15: 2.5 | AW15: 1.84 | AX15: 2.5 | AZ15: 1.84 | BA15: 2.5 | BC15: 1.84 | BD15: 2.5 | BF15: 1.84 | BG15: 2.5 | BI15: 1.84 | BJ15: 2.5 | BL15: 1.84 | BM15: 2.5 | BO15: 1.84 | BP15: 2.5 | BR15: 1.84
A16: Losses
A17: Gains
A18: Cu/Mton proc | O18: =((I21*O4+K21*O5+M21*O6+O21*O7)/(I21+K21+M21+O21+Q21+I21-S21)*AH21+AE21*O15)/(AH21+AE21) -> 1.6514548 | U18: =((I22*U4+W5*U5+W6*U6+W7*U7)/(I22+W5+W6+W7+W8+I22-W9)*AH22+W15*O18)/(AH22+W15) -> 1.0260702
E19: 9.8 | G19: 11.7 | H19: 1.36 | AI19: Cu
A20: Year | B20: Tailings | D20: Production Mton | E20: Process leaching GM | G20: Process leaching GK | H20: Process leaching GL | I20: Leveaniemi Pit pump | J20: Cu ug/l | K20: Ditch, SW to Mettresk | L20: Cu ug/l | M20: Ditch, SE | N20: Cu ug/l | O20: Gruvberget | P20: Cu ug/l | Q20: Surface water | R20: Cu ug/l | S20: Loss pellizing | T20: Cu ug/l | U20: dams from Process | V20: Cu ug/l | W20: P2 to process | X20: Cu ug/l | Y20: Tailings storage | Z20: Cu ug/l | AA20: Discharge | AB20: Cu ug/l | AC20: Leakage | AD20: Cu ug/l | AE20: Total storage | AF20: Cu ug/l | AG20: Losses | AH20: Gains | AI20: ug/l | AJ20: mg/l
A21: 2015 | B21: 1 | D21: 5 | E21: =E$19*D21 -> 49 | I21: ='Modell During mining'!$G4/1000000 -> 1.324512 | J21: ='Modell During mining'!$D4 -> 24.426882 | K21: 0.95 | L21: 0.6 | M21: 0.31 | N21: 0.6 | O21: 1.26 | P21: 2 | Q21: 1.6 | R21: 0 | S21: 0.36 | T21: =AF21 -> 2.5 | U21: 25.21 | V21: 2.5 | W21: 21.42 | X21: 2.5 | Y21: 0.11 | Z21: 2.5 | AA21: 5.8 | AB21: 2.5 | AC21: 1.7 | AD21: 2.5 | AE21: 1.84 | AF21: 2.5 | AG21: =S21+Y21+AA21+AC21 -> 7.97 | AH21: =I21+K21+M21+O21+Q21 -> 5.444512 | AI21: =((B21+E21+I21*J21+K21*L21+M21*N21+O21*P21-S21*T21)/(I21+K21+M21+O21+Q21+I21-S21)*AH21+AE21*AF21)/(AH21+AE21) -> 10.512508
A22: =A21+1 -> 2016 | B22: 1 | D22: 5.5 | E22: =E$19*D22 -> 53.9 | I22: ='Modell During mining'!$G5/1000000 -> 1.5132608 | J22: ='Modell During mining'!$D5 -> 21.489717 | K22: 0.95 | L22: 0.6 | M22: 0.31 | N22: 0.6 | O22: 1.26 | P22: 2 | Q22: 1.6 | R22: 0 | S22: 0.36 | T22: =AI21 -> 10.512508 | U22: 25.21 | V22: =$AI21 -> 10.512508 | W22: 21.42 | X22: =$AI21 -> 10.512508 | Y22: 0.11 | Z22: =$AI21 -> 10.512508 | AA22: 5.8 | AB22: =$AI21 -> 10.512508 | AC22: 1.7 | AD22: =$AI21 -> 10.512508 | AE22: 1.84 | AF22: =AI21 -> 10.512508 | AG22: =S22+Y22+AA22+AC22 -> 7.97 | AH22: =I22+W5+W6+W7+W8 -> 5.5332608 | AI22: =((B22+E22+I22*J22+K22*L22+M22*N22+O22*P22-S22*T22)/(I22+K22+M22+O22+Q22+I22-S22)*AH22+AE22*AF22)/(AH22+AE22) -> 12.233973
A23: =A22+1 -> 2017 | B23: 1 | D23: 6.5 | E23: =E$19*D23 -> 63.7 | I23: ='Modell During mining'!$G6/1000000 -> 1.7020096 | J23: ='Modell During mining'!$D6 -> 19.204001 | K23: 0.95 | L23: 0.6 | M23: 0.31 | N23: 0.6 | O23: 1.26 | P23: 2 | Q23: 1.6 | R23: 0 | S23: 0.36 | T23: =AI22 -> 12.233973 | U23: 25.21 | V23: =$AI22 -> 12.233973 | W23: 21.42 | X23: =$AI22 -> 12.233973 | Y23: 0.11 | Z23: =$AI22 -> 12.233973 | AA23: 5.8 | AB23: =AI22 -> 12.233973 | AC23: 1.7 | AD23: =$AI22 -> 12.233973 | AE23: 1.84 | AF23: =AI22 -> 12.233973 | AG23: =S23+Y23+AA23+AC23 -> 7.97 | AH23: =I23+AC5+AC6+AC7+AC8 -> 5.7220096 | AI23: =((B23+E23+I23*J23+K23*L23+M23*N23+O23*P23-S23*T23)/(I23+K23+M23+O23+Q23+I23-S23)*AH23+AE23*AF23)/(AH23+AE23) -> 13.143669
A24: =A23+1 -> 2018 | B24: 1 | D24: 6.8 | E24: =E$19*D24 -> 66.64 | I24: ='Modell During mining'!$G7/1000000 -> 1.8907584 | J24: ='Modell During mining'!$D7 -> 17.374638 | K24: 0.95 | L24: 0.6 | M24: 0.31 | N24: 0.6 | O24: 1.26 | P24: 2 | Q24: 1.6 | R24: 0 | S24: 0.36 | T24: =AI23 -> 13.143669 | U24: 25.21 | V24: =$AI23 -> 13.143669 | W24: 21.42 | X24: =$AI23 -> 13.143669 | Y24: 0.11 | Z24: =$AI23 -> 13.143669 | AA24: 5.8 | AB24: =AI23 -> 13.143669 | AC24: 1.7 | AD24: =$AI23 -> 13.143669 | AE24: 1.84 | AF24: =AI23 -> 13.143669 | AG24: =S24+Y24+AA24+AC24 -> 7.97 | AH24: =I24+AH5+AH6+AH7+AH8 -> 5.9107584 | AI24: =((B24+E24+I24*J24+K24*L24+M24*N24+O24*P24-S24*T24)/(I24+K24+M24+O24+Q24+I24-S24)*AH24+AE24*AF24)/(AH24+AE24) -> 13.134803
A25: =A24+1 -> 2019 | B25: 1 | D25: 6.8 | E25: =E$19*D25 -> 66.64 | I25: ='Modell During mining'!$G8/1000000 -> 2.0795072 | J25: ='Modell During mining'!$D8 -> 15.877363 | K25: 0.95 | L25: 0.6 | M25: 0.31 | N25: 0.6 | O25: 1.26 | P25: 2 | Q25: 1.6 | R25: 0 | S25: 0.36 | T25: =AI24 -> 13.134803 | U25: 25.21 | V25: =$AI24 -> 13.134803 | W25: 21.42 | X25: =$AI24 -> 13.134803 | Y25: 0.11 | Z25: =$AI24 -> 13.134803 | AA25: 5.8 | AB25: =AI24 -> 13.134803 | AC25: 1.7 | AD25: =$AI24 -> 13.134803 | AE25: 1.84 | AF25: =AI24 -> 13.134803 | AG25: =S25+Y25+AA25+AC25 -> 7.97 | AH25: =AK4+AK5+AK6+AK7+AK8 -> 6.0995072 | AI25: =((B25+E25+I25*J25+K25*L25+M25*N25+O25*P25-S25*T25)/(I25+K25+M25+O25+Q25+I25-S25)*AH25+AE25*AF25)/(AH25+AE25) -> 12.668157
A26: =A25+1 -> 2020 | B26: 1 | D26: 6.8 | E26: =E$19*D26 -> 66.64 | I26: ='Modell During mining'!$G9/1000000 -> 2.268256 | J26: ='Modell During mining'!$D9 -> 14.629274 | K26: 0.95 | L26: 0.6 | M26: 0.31 | N26: 0.6 | O26: 1.26 | P26: 2 | Q26: 1.6 | R26: 0 | S26: 0.36 | T26: =AI25 -> 12.668157 | U26: 25.21 | V26: =$AI25 -> 12.668157 | W26: 21.42 | X26: =$AI25 -> 12.668157 | Y26: 0.11 | Z26: =$AI25 -> 12.668157 | AA26: 5.8 | AB26: =AI25 -> 12.668157 | AC26: 1.7 | AD26: =$AI25 -> 12.668157 | AE26: 1.84 | AF26: =AI25 -> 12.668157 | AG26: =S26+Y26+AA26+AC26 -> 7.97 | AH26: =AN4+AN5+AN6+AN7+AN8 -> 6.288256 | AI26: =((B26+E26+I26*J26+K26*L26+M26*N26+O26*P26-S26*T26)/(I26+K26+M26+O26+Q26+I26-S26)*AH26+AE26*AF26)/(AH26+AE26) -> 12.149411
A27: =A26+1 -> 2021 | B27: 1 | D27: 6.8 | E27: =E$19*D27 -> 66.64 | I27: ='Modell During mining'!$G10/1000000 -> 2.4570048 | J27: ='Modell During mining'!$D10 -> 13.572944 | K27: 0.95 | L27: 0.6 | M27: 0.31 | N27: 0.6 | O27: 1.26 | P27: 2 | Q27: 1.6 | R27: 0 | S27: 0.36 | T27: =AI26 -> 12.149411 | U27: 25.21 | V27: =$AI26 -> 12.149411 | W27: 21.42 | X27: =$AI26 -> 12.149411 | Y27: 0.11 | Z27: =$AI26 -> 12.149411 | AA27: 5.8 | AB27: =AI26 -> 12.149411 | AC27: 1.7 | AD27: =$AI26 -> 12.149411 | AE27: 1.84 | AF27: =AI26 -> 12.149411 | AG27: =S27+Y27+AA27+AC27 -> 7.97 | AH27: =AQ4+AQ5+AQ6+AQ7+AQ8 -> 6.4770048 | AI27: =((B27+E27+I27*J27+K27*L27+M27*N27+O27*P27-S27*T27)/(I27+K27+M27+O27+Q27+I27-S27)*AH27+AE27*AF27)/(AH27+AE27) -> 11.656231
A28: =A27+1 -> 2022 | B28: 1 | D28: 6.8 | E28: =E$19*D28 -> 66.64 | I28: ='Modell During mining'!$G11/1000000 -> 2.6457536 | J28: ='Modell During mining'!$D11 -> 12.667331 | K28: 0.95 | L28: 0.6 | M28: 0.31 | N28: 0.6 | O28: 1.26 | P28: 2 | Q28: 1.6 | R28: 0 | S28: 0.36 | T28: =AI27 -> 11.656231 | U28: 25.21 | V28: =$AI27 -> 11.656231 | W28: 21.42 | X28: =$AI27 -> 11.656231 | Y28: 0.11 | Z28: =$AI27 -> 11.656231 | AA28: 5.8 | AB28: =AI27 -> 11.656231 | AC28: 1.7 | AD28: =$AI27 -> 11.656231 | AE28: 1.84 | AF28: =AI27 -> 11.656231 | AG28: =S28+Y28+AA28+AC28 -> 7.97 | AH28: =AT4+AT5+AT6+AT7+AT8 -> 6.6657536 | AI28: =((B28+E28+I28*J28+K28*L28+M28*N28+O28*P28-S28*T28)/(I28+K28+M28+O28+Q28+I28-S28)*AH28+AE28*AF28)/(AH28+AE28) -> 11.199778
A29: =A28+1 -> 2023 | B29: 1 | D29: 6.8 | E29: =E$19*D29 -> 66.64 | I29: ='Modell During mining'!$G12/1000000 -> 2.8345024 | J29: ='Modell During mining'!$D12 -> 11.882327 | K29: 0.95 | L29: 0.6 | M29: 0.31 | N29: 0.6 | O29: 1.26 | P29: 2 | Q29: 1.6 | R29: 0 | S29: 0.36 | T29: =AI28 -> 11.199778 | U29: 25.21 | V29: =$AI28 -> 11.199778 | W29: 21.42 | X29: =$AI28 -> 11.199778 | Y29: 0.11 | Z29: =$AI28 -> 11.199778 | AA29: 5.8 | AB29: =AI28 -> 11.199778 | AC29: 1.7 | AD29: =$AI28 -> 11.199778 | AE29: 1.84 | AF29: =AI28 -> 11.199778 | AG29: =S29+Y29+AA29+AC29 -> 7.97 | AH29: =AW4+AW5+AW6+AW7+AW8 -> 6.8545024 | AI29: =((B29+E29+I29*J29+K29*L29+M29*N29+O29*P29-S29*T29)/(I29+K29+M29+O29+Q29+I29-S29)*AH29+AE29*AF29)/(AH29+AE29) -> 10.778527
A30: =A29+1 -> 2024 | B30: 1 | D30: 6.8 | E30: =E$19*D30 -> 66.64 | I30: ='Modell During mining'!$G13/1000000 -> 3.0232512 | J30: ='Modell During mining'!$D13 -> 11.195343 | K30: 0.95 | L30: 0.6 | M30: 0.31 | N30: 0.6 | O30: 1.26 | P30: 2 | Q30: 1.6 | R30: 0 | S30: 0.36 | T30: =AI29 -> 10.778527 | U30: 25.21 | V30: =$AI29 -> 10.778527 | W30: 21.42 | X30: =$AI29 -> 10.778527 | Y30: 0.11 | Z30: =$AI29 -> 10.778527 | AA30: 5.8 | AB30: =AI29 -> 10.778527 | AC30: 1.7 | AD30: =$AI29 -> 10.778527 | AE30: 1.84 | AF30: =AI29 -> 10.778527 | AG30: =S30+Y30+AA30+AC30 -> 7.97 | AH30: =AZ4+AZ5+AZ6+AZ7+AZ8 -> 7.0432512 | AI30: =((B30+E30+I30*J30+K30*L30+M30*N30+O30*P30-S30*T30)/(I30+K30+M30+O30+Q30+I30-S30)*AH30+AE30*AF30)/(AH30+AE30) -> 10.389019
A31: =A30+1 -> 2025 | B31: 1 | D31: 6.8 | E31: =E$19*D31 -> 66.64 | I31: ='Modell During mining'!$G14/1000000 -> 3.212 | J31: ='Modell During mining'!$D14 -> 10.589098 | K31: 0.95 | L31: 0.6 | M31: 0.31 | N31: 0.6 | O31: 1.26 | P31: 2 | Q31: 1.6 | R31: 0 | S31: 0.36 | T31: =AI30 -> 10.389019 | U31: 25.21 | V31: =$AI30 -> 10.389019 | W31: 21.42 | X31: =$AI30 -> 10.389019 | Y31: 0.11 | Z31: =$AI30 -> 10.389019 | AA31: 5.8 | AB31: =AI30 -> 10.389019 | AC31: 1.7 | AD31: =$AI30 -> 10.389019 | AE31: 1.84 | AF31: =AI30 -> 10.389019 | AG31: =S31+Y31+AA31+AC31 -> 7.97 | AH31: =BC4+BC5+BC6+BC7+BC8 -> 7.232 | AI31: =((B31+E31+I31*J31+K31*L31+M31*N31+O31*P31-S31*T31)/(I31+K31+M31+O31+Q31+I31-S31)*AH31+AE31*AF31)/(AH31+AE31) -> 10.027875
A32: =A31+1 -> 2026 | B32: 1 | D32: 6.8 | E32: =E$19*D32 -> 66.64 | I32: ='Modell During mining'!$G15/1000000 -> 3.4007488 | J32: ='Modell During mining'!$D15 -> 10.050148 | K32: 0.95 | L32: 0.6 | M32: 0.31 | N32: 0.6 | O32: 1.26 | P32: 2 | Q32: 1.6 | R32: 0 | S32: 0.36 | T32: =AI31 -> 10.027875 | U32: 25.21 | V32: =$AI31 -> 10.027875 | W32: 21.42 | X32: =$AI31 -> 10.027875 | Y32: 0.11 | Z32: =$AI31 -> 10.027875 | AA32: 5.8 | AB32: =AI31 -> 10.027875 | AC32: 1.7 | AD32: =$AI31 -> 10.027875 | AE32: 1.84 | AF32: =AI31 -> 10.027875 | AG32: =S32+Y32+AA32+AC32 -> 7.97 | AH32: =BF4+BF5+BF6+BF7+BF8 -> 7.4207488 | AI32: =((B32+E32+I32*J32+K32*L32+M32*N32+O32*P32-S32*T32)/(I32+K32+M32+O32+Q32+I32-S32)*AH32+AE32*AF32)/(AH32+AE32) -> 9.6921165
A33: =A32+1 -> 2027 | B33: 1 | D33: 6.8 | E33: =E$19*D33 -> 66.64 | I33: ='Modell During mining'!$G16/1000000 -> 3.5894976 | J33: ='Modell During mining'!$D16 -> 9.5678788 | K33: 0.95 | L33: 0.6 | M33: 0.31 | N33: 0.6 | O33: 1.26 | P33: 2 | Q33: 1.6 | R33: 0 | S33: 0.36 | T33: =AI32 -> 9.6921165 | U33: 25.21 | V33: =$AI32 -> 9.6921165 | W33: 21.42 | X33: =$AI32 -> 9.6921165 | Y33: 0.11 | Z33: =$AI32 -> 9.6921165 | AA33: 5.8 | AB33: =AI32 -> 9.6921165 | AC33: 1.7 | AD33: =$AI32 -> 9.6921165 | AE33: 1.84 | AF33: =AI32 -> 9.6921165 | AG33: =S33+Y33+AA33+AC33 -> 7.97 | AH33: =BI4+BI5+BI6+BI7+BI8 -> 7.6094976 | AI33: =((B33+E33+I33*J33+K33*L33+M33*N33+O33*P33-S33*T33)/(I33+K33+M33+O33+Q33+I33-S33)*AH33+AE33*AF33)/(AH33+AE33) -> 9.3791545
A34: =A33+1 -> 2028 | B34: 1 | D34: 6.8 | E34: =E$19*D34 -> 66.64 | I34: ='Modell During mining'!$G17/1000000 -> 3.7782464 | J34: ='Modell During mining'!$D17 -> 9.1337946 | K34: 0.95 | L34: 0.6 | M34: 0.31 | N34: 0.6 | O34: 1.26 | P34: 2 | Q34: 1.6 | R34: 0 | S34: 0.36 | T34: =AI33 -> 9.3791545 | U34: 25.21 | V34: =$AI33 -> 9.3791545 | W34: 21.42 | X34: =$AI33 -> 9.3791545 | Y34: 0.11 | Z34: =$AI33 -> 9.3791545 | AA34: 5.8 | AB34: =AI33 -> 9.3791545 | AC34: 1.7 | AD34: =$AI33 -> 9.3791545 | AE34: 1.84 | AF34: =AI33 -> 9.3791545 | AG34: =S34+Y34+AA34+AC34 -> 7.97 | AH34: =BL4+BL5+BL6+BL7+BL8 -> 7.7982464 | AI34: =((B34+E34+I34*J34+K34*L34+M34*N34+O34*P34-S34*T34)/(I34+K34+M34+O34+Q34+I34-S34)*AH34+AE34*AF34)/(AH34+AE34) -> 9.0867392
A35: =A34+1 -> 2029 | B35: 1 | D35: 6.8 | E35: =E$19*D35 -> 66.64 | I35: ='Modell During mining'!$G18/1000000 -> 3.9669952 | J35: ='Modell During mining'!$D18 -> 8.7410176 | K35: 0.95 | L35: 0.6 | M35: 0.31 | N35: 0.6 | O35: 1.26 | P35: 2 | Q35: 1.6 | R35: 0 | S35: 0.36 | T35: =AI34 -> 9.0867392 | U35: 25.21 | V35: =$AI34 -> 9.0867392 | W35: 21.42 | X35: =$AI34 -> 9.0867392 | Y35: 0.11 | Z35: =$AI34 -> 9.0867392 | AA35: 5.8 | AB35: =AI34 -> 9.0867392 | AC35: 1.7 | AD35: =$AI34 -> 9.0867392 | AE35: 1.84 | AF35: =AI34 -> 9.0867392 | AG35: =S35+Y35+AA35+AC35 -> 7.97 | AH35: =BO4+BO5+BO6+BO7+BO8 -> 7.9869952 | AI35: =((B35+E35+I35*J35+K35*L35+M35*N35+O35*P35-S35*T35)/(I35+K35+M35+O35+Q35+I35-S35)*AH35+AE35*AF35)/(AH35+AE35) -> 8.8129071
A36: =A35+1 -> 2030 | B36: 1 | D36: 6.8 | E36: =E$19*D36 -> 66.64 | I36: ='Modell During mining'!$G19/1000000 -> 4.155744 | J36: ='Modell During mining'!$D19 -> 8.3839195 | K36: 0.95 | L36: 0.6 | M36: 0.31 | N36: 0.6 | O36: 1.26 | P36: 2 | Q36: 1.6 | R36: 0 | S36: 0.36 | T36: =AI35 -> 8.8129071 | U36: 25.21 | V36: =$AI35 -> 8.8129071 | W36: 21.42 | X36: =$AI35 -> 8.8129071 | Y36: 0.11 | Z36: =$AI35 -> 8.8129071 | AA36: 5.8 | AB36: =AI35 -> 8.8129071 | AC36: 1.7 | AD36: =$AI35 -> 8.8129071 | AE36: 1.84 | AF36: =AI35 -> 8.8129071 | AG36: =S36+Y36+AA36+AC36 -> 7.97 | AH36: =BR4+BR5+BR6+BR7+BR8 -> 8.175744 | AI36: =((B36+E36+I36*J36+K36*L36+M36*N36+O36*P36-S36*T36)/(I36+K36+M36+O36+Q36+I36-S36)*AH36+AE36*AF36)/(AH36+AE36) -> 8.5559378
A37: =A36+0.5 -> 2030.5
A40: =7/12 -> 0.58333333
A41: =5/12 -> 0.41666667 | D41: roll leach | E41: 9.8 | F41: Kiruna | G41: 11.7 | H41: 1.36 | J41: Cu | K41: Cu | L41: Cu | M41: Cu | N41: Cu | O41: Cu | P41: Cu | Q41: Cu | R41: Cu | S41: Cu | T41: Cu | U41: Cu | V41: Cu | W41: Cu | X41: Cu | Y41: Cu | Z41: Cu | AA41: Cu | AB41: Cu | AC41: Cu | AD41: Cu | AE41: Cu | AF41: Cu | AG41: Cu | AH41: Cu | AI41: Gruv.-Mert. | AJ41: Gruv.-Kir. | AK41: Gruv.-Lev.
A42: Year | B42: Tailings | D42: Production Mton | E42: Process leaching GM | F42: Production Mton | G42: Process leaching GK | H42: Process leaching GL | I42: Leveaniemi Pit pump | J42: Cu ug/l | K42: Ditch, SW to Mettresk | L42: Cu ug/l | M42: Ditch, SE | N42: Cu ug/l | O42: Gruvberget | P42: Cu ug/l | Q42: Surface water | R42: Cu ug/l | S42: Loss pellizing | T42: Cu ug/l | U42: dams from Process | V42: Cu ug/l | W42: P2 to process | X42: Cu ug/l | Y42: Tailings storage | Z42: Cu ug/l | AA42: Discharge | AB42: Cu ug/l | AC42: Leakage | AD42: Cu ug/l | AE42: Total storage | AF42: Cu ug/l | AG42: Losses | AH42: Gains | AI42: GM ug/l | AJ42: GK ug/l | AK42: GL ug/l
A43: 2014.5 | B43: 1 | C43: 9.8 | D43: =5/12*7 -> 2.9166667 | E43: =C43*D43 -> 28.583333 | F43: =D43*0.8 -> 2.3333333 | G43: =(C43*0.4*D43+G$41*0.6*F43) -> 27.813333 | H43: =(C43*0.4+H$41*0.6)*D43 -> 13.813333 | I43: ='Modell During mining'!$G4/1000000*A$40 -> 0.772632 | J43: ='Modell During mining'!$D4 -> 24.426882 | K43: 0.95 | L43: 0.6 | M43: 0.31 | N43: 0.6 | O43: 1.26 | P43: 2 | Q43: 1.6 | R43: 0 | S43: 0.36 | T43: =AF43 -> 2.5 | U43: 25.21 | V43: 2.5 | W43: 21.42 | X43: 2.5 | Y43: 0.11 | Z43: 2.5 | AA43: 5.8 | AB43: 2.5 | AC43: 1.7 | AD43: 2.5 | AE43: 1.84 | AF43: 2.5 | AG43: =S43+Y43+AA43+AC43 -> 7.97 | AH43: =I43+K43+M43+O43+Q43 -> 4.892632 | AI43: 2.5 | AJ43: 2.5 | AK43: 2.5
A44: 2015 | B44: 0 | C44: 9.8 | D44: =5/12*5 -> 2.0833333 | E44: =C44*D44 -> 20.416667 | F44: =D44*0.8 -> 1.6666667 | G44: =(C44*0.4*D44+G$41*0.6*F44) -> 19.866667 | H44: =(C44*0.4+H$41*0.6)*D44 -> 9.8666667 | I44: ='Modell During mining'!$G4/1000000*A$41 -> 0.55188 | J44: 1 | K44: 0 | L44: 0.6 | M44: 0 | N44: 0.6 | O44: 1.26 | P44: 0.5 | Q44: 0 | R44: 0 | S44: 0.36 | T44: =AF44 -> 7.6461472 | U44: 25.21 | V44: 2.5 | W44: 21.42 | X44: 2.5 | Y44: 0.11 | Z44: 2.5 | AA44: 5.8 | AB44: 2.5 | AC44: 1.7 | AD44: 2.5 | AE44: 1.84 | AF44: =AI44 -> 7.6461472 | AG44: =S44+Y44+AA44+AC44 -> 7.97 | AH44: =I44+K44+M44+O44+Q44 -> 1.81188 | AI44: =(($B43+$E43+$I43*$J43+$K43*$L43+$M43*$N43+$O43*$P43-$S43*$T43)/($I43+$K43+$M43+$O43+$Q43+$I43-$S43)*$AH43+$AE43*$AF43)/($AH43+$AE43) -> 7.6461472 | AJ44: =(($B43+$G43+$I43*$J43+$K43*$L43+$M43*$N43+$O43*$P43-$S43*$T43)/($I43+$K43+$M43+$O43+$Q43+$I43-$S43)*$AH43+$AE43*$AF43)/($AH43+$AE43) -> 7.5406741 | AK44: =(($B43+$H43+$I43*$J43+$K43*$L43+$M43*$N43+$O43*$P43-$S43*$T43)/($I43+$K43+$M43+$O43+$Q43+$I43-$S43)*$AH43+$AE43*$AF43)/($AH43+$AE43) -> 5.6229828
A45: 2015.5 | B45: 1 | C45: 9.8 | D45: =5.5/12*7 -> 3.2083333 | E45: =C45*D45 -> 31.441667 | F45: =D45*0.8 -> 2.5666667 | G45: =(C45*0.4*D45+G$41*0.6*F45) -> 30.594667 | H45: =(C45*0.4+H$41*0.6)*D45 -> 15.194667 | I45: ='Modell During mining'!$G5/1000000*A$40 -> 0.88273547 | J45: ='Modell During mining'!$D5 -> 21.489717 | K45: 0.95 | L45: 0.6 | M45: 0.31 | N45: 0.6 | O45: 1.26 | P45: 2 | Q45: 1.6 | R45: 0 | S45: 0.36 | T45: =AI44 -> 7.6461472 | U45: 25.21 | V45: =$AI44 -> 7.6461472 | W45: 21.42 | X45: =$AI44 -> 7.6461472 | Y45: 0.11 | Z45: =$AI44 -> 7.6461472 | AA45: 5.8 | AB45: =$AI44 -> 7.6461472 | AC45: 1.7 | AD45: =$AI44 -> 7.6461472 | AE45: 1.84 | AF45: =AI45 -> 8.5189432 | AG45: =S45+Y45+AA45+AC45 -> 7.97 | AH45: =I45+K45+M45+O45+Q45 -> 5.0027355 | AI45: =((B44+E44+I44*J44+K44*L44+M44*N44+O44*P44-S44*T44)/(I44+K44+M44+O44+Q44+I44-S44)*AH44+AE44*AF44)/(AH44+AE44) -> 8.5189432 | AJ45: =(($B44+$G44+$I44*$J44+$K44*$L44+$M44*$N44+$O44*$P44-$S44*$T44)/($I44+$K44+$M44+$O44+$Q44+$I44-$S44)*$AH44+$AE44*$AF44)/($AH44+$AE44) -> 8.382758 | AK45: =(($B44+$H44+$I44*$J44+$K44*$L44+$M44*$N44+$O44*$P44-$S44*$T44)/($I44+$K44+$M44+$O44+$Q44+$I44-$S44)*$AH44+$AE44*$AF44)/($AH44+$AE44) -> 5.9066634
A46: =A44+1 -> 2016 | B46: 0 | C46: 9.8 | D46: =5/12*5 -> 2.0833333 | E46: =C46*D46 -> 20.416667 | F46: =D46*0.8 -> 1.6666667 | G46: =(C46*0.4*D46+G$41*0.6*F46) -> 19.866667 | H46: =(C46*0.4+H$41*0.6)*D46 -> 9.8666667 | I46: ='Modell During mining'!$G5/1000000*A$41 -> 0.63052533 | J46: 1 | K46: 0 | L46: 0.6 | M46: 0 | N46: 0.6 | O46: 1.26 | P46: 0.5 | Q46: 0 | R46: 0 | S46: 0.36 | T46: =AF46 -> 9.1624717 | U46: 25.21 | V46: 2.5 | W46: 21.42 | X46: 2.5 | Y46: 0.11 | Z46: 2.5 | AA46: 5.8 | AB46: 2.5 | AC46: 1.7 | AD46: 2.5 | AE46: 1.84 | AF46: =AI46 -> 9.1624717 | AG46: =S46+Y46+AA46+AC46 -> 7.97 | AH46: =I46+K46+M46+O46+Q46 -> 1.8905253 | AI46: =((B45+E45+I45*J45+K45*L45+M45*N45+O45*P45-S45*T45)/(I45+K45+M45+O45+Q45+I45-S45)*AH45+AE45*AF45)/(AH45+AE45) -> 9.1624717 | AJ46: =(($B45+$G45+$I45*$J45+$K45*$L45+$M45*$N45+$O45*$P45-$S45*$T45)/($I45+$K45+$M45+$O45+$Q45+$I45-$S45)*$AH45+$AE45*$AF45)/($AH45+$AE45) -> 9.050401 | AK46: =(($B45+$H45+$I45*$J45+$K45*$L45+$M45*$N45+$O45*$P45-$S45*$T45)/($I45+$K45+$M45+$O45+$Q45+$I45-$S45)*$AH45+$AE45*$AF45)/($AH45+$AE45) -> 7.0127528
A47: 2016.5 | B47: 1 | C47: 9.8 | D47: =5.5/12*7 -> 3.2083333 | E47: =C47*D47 -> 31.441667 | F47: =D47*0.8 -> 2.5666667 | G47: =(C47*0.4*D47+G$41*0.6*F47) -> 30.594667 | H47: =(C47*0.4+H$41*0.6)*D47 -> 15.194667 | I47: ='Modell During mining'!$G6/1000000*A$40 -> 0.99283893 | J47: ='Modell During mining'!$D6 -> 19.204001 | K47: 0.95 | L47: 0.6 | M47: 0.31 | N47: 0.6 | O47: 1.26 | P47: 2 | Q47: 1.6 | R47: 0 | S47: 0.36 | T47: =AI46 -> 9.1624717 | U47: 25.21 | V47: =$AI46 -> 9.1624717 | W47: 21.42 | X47: =$AI46 -> 9.1624717 | Y47: 0.11 | Z47: =$AI46 -> 9.1624717 | AA47: 5.8 | AB47: =$AI46 -> 9.1624717 | AC47: 1.7 | AD47: =$AI46 -> 9.1624717 | AE47: 1.84 | AF47: =AI47 -> 8.8290411 | AG47: =S47+Y47+AA47+AC47 -> 7.97 | AH47: =I47+K47+M47+O47+Q47 -> 5.1128389 | AI47: =((B46+E46+I46*J46+K46*L46+M46*N46+O46*P46-S46*T46)/(I46+K46+M46+O46+Q46+I46-S46)*AH46+AE46*AF46)/(AH46+AE46) -> 8.8290411 | AJ47: =(($B46+$G46+$I46*$J46+$K46*$L46+$M46*$N46+$O46*$P46-$S46*$T46)/($I46+$K46+$M46+$O46+$Q46+$I46-$S46)*$AH46+$AE46*$AF46)/($AH46+$AE46) -> 8.7000647 | AK47: =(($B46+$H46+$I46*$J46+$K46*$L46+$M46*$N46+$O46*$P46-$S46*$T46)/($I46+$K46+$M46+$O46+$Q46+$I46-$S46)*$AH46+$AE46*$AF46)/($AH46+$AE46) -> 6.3550393
A48: =A46+1 -> 2017 | B48: 0 | C48: 9.8 | D48: =5/12*5 -> 2.0833333 | E48: =C48*D48 -> 20.416667 | F48: =D48*0.8 -> 1.6666667 | G48: =(C48*0.4*D48+G$41*0.6*F48) -> 19.866667 | H48: =(C48*0.4+H$41*0.6)*D48 -> 9.8666667 | I48: ='Modell During mining'!$G6/1000000*A$41 -> 0.70917067 | J48: 1 | K48: 0 | L48: 0.6 | M48: 0 | N48: 0.6 | O48: 1.26 | P48: 0.5 | Q48: 0 | R48: 0 | S48: 0.36 | T48: =AF48 -> 8.925904 | U48: 25.21 | V48: 2.5 | W48: 21.42 | X48: 2.5 | Y48: 0.11 | Z48: 2.5 | AA48: 5.8 | AB48: 2.5 | AC48: 1.7 | AD48: 2.5 | AE48: 1.84 | AF48: =AI48 -> 8.925904 | AG48: =S48+Y48+AA48+AC48 -> 7.97 | AH48: =I48+K48+M48+O48+Q48 -> 1.9691707 | AI48: =((B47+E47+I47*J47+K47*L47+M47*N47+O47*P47-S47*T47)/(I47+K47+M47+O47+Q47+I47-S47)*AH47+AE47*AF47)/(AH47+AE47) -> 8.925904 | AJ48: =(($B47+$G47+$I47*$J47+$K47*$L47+$M47*$N47+$O47*$P47-$S47*$T47)/($I47+$K47+$M47+$O47+$Q47+$I47-$S47)*$AH47+$AE47*$AF47)/($AH47+$AE47) -> 8.8175008 | AK48: =(($B47+$H47+$I47*$J47+$K47*$L47+$M47*$N47+$O47*$P47-$S47*$T47)/($I47+$K47+$M47+$O47+$Q47+$I47-$S47)*$AH47+$AE47*$AF47)/($AH47+$AE47) -> 6.8465337
A49: =A48+0.5 -> 2017.5 | B49: 1 | C49: 9.8 | D49: =5.5/12*7 -> 3.2083333 | E49: =C49*D49 -> 31.441667 | F49: =D49*0.8 -> 2.5666667 | G49: =(C49*0.4*D49+G$41*0.6*F49) -> 30.594667 | H49: =(C49*0.4+H$41*0.6)*D49 -> 15.194667 | I49: ='Modell During mining'!$G7/1000000*A$40 -> 1.1029424 | J49: ='Modell During mining'!$D7 -> 17.374638 | K49: 0.95 | L49: 0.6 | M49: 0.31 | N49: 0.6 | O49: 1.26 | P49: 2 | Q49: 1.6 | R49: 0 | S49: 0.36 | T49: =AI48 -> 8.925904 | U49: 25.21 | V49: =$AI48 -> 8.925904 | W49: 21.42 | X49: =$AI48 -> 8.925904 | Y49: 0.11 | Z49: =$AI48 -> 8.925904 | AA49: 5.8 | AB49: =$AI48 -> 8.925904 | AC49: 1.7 | AD49: =$AI48 -> 8.925904 | AE49: 1.84 | AF49: =AI49 -> 8.4463124 | AG49: =S49+Y49+AA49+AC49 -> 7.97 | AH49: =I49+K49+M49+O49+Q49 -> 5.2229424 | AI49: =((B48+E48+I48*J48+K48*L48+M48*N48+O48*P48-S48*T48)/(I48+K48+M48+O48+Q48+I48-S48)*AH48+AE48*AF48)/(AH48+AE48) -> 8.4463124 | AJ49: =(($B48+$G48+$I48*$J48+$K48*$L48+$M48*$N48+$O48*$P48-$S48*$T48)/($I48+$K48+$M48+$O48+$Q48+$I48-$S48)*$AH48+$AE48*$AF48)/($AH48+$AE48) -> 8.3236707 | AK49: =(($B48+$H48+$I48*$J48+$K48*$L48+$M48*$N48+$O48*$P48-$S48*$T48)/($I48+$K48+$M48+$O48+$Q48+$I48-$S48)*$AH48+$AE48*$AF48)/($AH48+$AE48) -> 6.0938212
A50: =A48+1 -> 2018 | B50: 0 | C50: 9.8 | D50: =5/12*5 -> 2.0833333 | E50: =C50*D50 -> 20.416667 | F50: =D50*0.8 -> 1.6666667 | G50: =(C50*0.4*D50+G$41*0.6*F50) -> 19.866667 | H50: =(C50*0.4+H$41*0.6)*D50 -> 9.8666667 | I50: ='Modell During mining'!$G7/1000000*A$41 -> 0.787816 | J50: 1 | K50: 0 | L50: 0.6 | M50: 0 | N50: 0.6 | O50: 1.26 | P50: 0.5 | Q50: 0 | R50: 0 | S50: 0.36 | T50: =AF50 -> 8.6047036 | U50: 25.21 | V50: 2.5 | W50: 21.42 | X50: 2.5 | Y50: 0.11 | Z50: 2.5 | AA50: 5.8 | AB50: 2.5 | AC50: 1.7 | AD50: 2.5 | AE50: 1.84 | AF50: =AI50 -> 8.6047036 | AG50: =S50+Y50+AA50+AC50 -> 7.97 | AH50: =I50+K50+M50+O50+Q50 -> 2.047816 | AI50: =((B49+E49+I49*J49+K49*L49+M49*N49+O49*P49-S49*T49)/(I49+K49+M49+O49+Q49+I49-S49)*AH49+AE49*AF49)/(AH49+AE49) -> 8.6047036 | AJ50: =(($B49+$G49+$I49*$J49+$K49*$L49+$M49*$N49+$O49*$P49-$S49*$T49)/($I49+$K49+$M49+$O49+$Q49+$I49-$S49)*$AH49+$AE49*$AF49)/($AH49+$AE49) -> 8.4997159 | AK50: =(($B49+$H49+$I49*$J49+$K49*$L49+$M49*$N49+$O49*$P49-$S49*$T49)/($I49+$K49+$M49+$O49+$Q49+$I49-$S49)*$AH49+$AE49*$AF49)/($AH49+$AE49) -> 6.59085
A51: =A50+0.5 -> 2018.5 | B51: 1 | C51: 9.8 | D51: =5.5/12*7 -> 3.2083333 | E51: =C51*D51 -> 31.441667 | F51: =D51*0.8 -> 2.5666667 | G51: =(C51*0.4*D51+G$41*0.6*F51) -> 30.594667 | H51: =(C51*0.4+H$41*0.6)*D51 -> 15.194667 | I51: ='Modell During mining'!$G8/1000000*A$40 -> 1.2130459 | J51: ='Modell During mining'!$D8 -> 15.877363 | K51: 0.95 | L51: 0.6 | M51: 0.31 | N51: 0.6 | O51: 1.26 | P51: 2 | Q51: 3.6 | R51: 0 | S51: 0.36 | T51: =AI50 -> 8.6047036 | U51: 25.21 | V51: =$AI50 -> 8.6047036 | W51: 21.42 | X51: =$AI50 -> 8.6047036 | Y51: 0.11 | Z51: =$AI50 -> 8.6047036 | AA51: 5.8 | AB51: =$AI50 -> 8.6047036 | AC51: 1.7 | AD51: =$AI50 -> 8.6047036 | AE51: 1.84 | AF51: =AI51 -> 8.0589009 | AG51: =S51+Y51+AA51+AC51 -> 7.97 | AH51: =I51+K51+M51+O51+Q51 -> 7.3330459 | AI51: =((B50+E50+I50*J50+K50*L50+M50*N50+O50*P50-S50*T50)/(I50+K50+M50+O50+Q50+I50-S50)*AH50+AE50*AF50)/(AH50+AE50) -> 8.0589009 | AJ51: =(($B50+$G50+$I50*$J50+$K50*$L50+$M50*$N50+$O50*$P50-$S50*$T50)/($I50+$K50+$M50+$O50+$Q50+$I50-$S50)*$AH50+$AE50*$AF50)/($AH50+$AE50) -> 7.9418805 | AK51: =(($B50+$H50+$I50*$J50+$K50*$L50+$M50*$N50+$O50*$P50-$S50*$T50)/($I50+$K50+$M50+$O50+$Q50+$I50-$S50)*$AH50+$AE50*$AF50)/($AH50+$AE50) -> 5.8142356
A52: =A50+1 -> 2019 | B52: 0 | C52: 9.8 | D52: =5/12*5 -> 2.0833333 | E52: =C52*D52 -> 20.416667 | F52: =D52*0.8 -> 1.6666667 | G52: =(C52*0.4*D52+G$41*0.6*F52) -> 19.866667 | H52: =(C52*0.4+H$41*0.6)*D52 -> 9.8666667 | I52: ='Modell During mining'!$G8/1000000*A$41 -> 0.86646133 | J52: 1 | K52: 0 | L52: 0.6 | M52: 0 | N52: 0.6 | O52: 1.26 | P52: 0.5 | Q52: 0 | R52: 0 | S52: 0.36 | T52: =AF52 -> 6.6828491 | U52: 25.21 | V52: 2.5 | W52: 21.42 | X52: 2.5 | Y52: 0.11 | Z52: 2.5 | AA52: 5.8 | AB52: 2.5 | AC52: 1.7 | AD52: 2.5 | AE52: 1.84 | AF52: =AI52 -> 6.6828491 | AG52: =S52+Y52+AA52+AC52 -> 7.97 | AH52: =I52+K52+M52+O52+Q52 -> 2.1264613 | AI52: =((B51+E51+I51*J51+K51*L51+M51*N51+O51*P51-S51*T51)/(I51+K51+M51+O51+Q51+I51-S51)*AH51+AE51*AF51)/(AH51+AE51) -> 6.6828491 | AJ52: =(($B51+$G51+$I51*$J51+$K51*$L51+$M51*$N51+$O51*$P51-$S51*$T51)/($I51+$K51+$M51+$O51+$Q51+$I51-$S51)*$AH51+$AE51*$AF51)/($AH51+$AE51) -> 6.6001354 | AK52: =(($B51+$H51+$I51*$J51+$K51*$L51+$M51*$N51+$O51*$P51-$S51*$T51)/($I51+$K51+$M51+$O51+$Q51+$I51-$S51)*$AH51+$AE51*$AF51)/($AH51+$AE51) -> 5.0962493
A53: =A52+0.5 -> 2019.5 | B53: 1 | C53: 9.8 | D53: =5.5/12*7 -> 3.2083333 | E53: =C53*D53 -> 31.441667 | F53: =D53*0.8 -> 2.5666667 | G53: =(C53*0.4*D53+G$41*0.6*F53) -> 30.594667 | H53: =(C53*0.4+H$41*0.6)*D53 -> 15.194667 | I53: ='Modell During mining'!$G9/1000000*A$40 -> 1.3231493 | J53: ='Modell During mining'!$D9 -> 14.629274 | K53: 0.95 | L53: 0.6 | M53: 0.31 | N53: 0.6 | O53: 1.26 | P53: 2 | Q53: 1.6 | R53: 0 | S53: 0.36 | T53: =AI52 -> 6.6828491 | U53: 25.21 | V53: =$AI52 -> 6.6828491 | W53: 21.42 | X53: =$AI52 -> 6.6828491 | Y53: 0.11 | Z53: =$AI52 -> 6.6828491 | AA53: 5.8 | AB53: =$AI52 -> 6.6828491 | AC53: 1.7 | AD53: =$AI52 -> 6.6828491 | AE53: 1.84 | AF53: =AI53 -> 7.0721418 | AG53: =S53+Y53+AA53+AC53 -> 7.97 | AH53: =I53+K53+M53+O53+Q53 -> 5.4431493 | AI53: =((B52+E52+I52*J52+K52*L52+M52*N52+O52*P52-S52*T52)/(I52+K52+M52+O52+Q52+I52-S52)*AH52+AE52*AF52)/(AH52+AE52) -> 7.0721418 | AJ53: =(($B52+$G52+$I52*$J52+$K52*$L52+$M52*$N52+$O52*$P52-$S52*$T52)/($I52+$K52+$M52+$O52+$Q52+$I52-$S52)*$AH52+$AE52*$AF52)/($AH52+$AE52) -> 6.9601519 | AK53: =(($B52+$H52+$I52*$J52+$K52*$L52+$M52*$N52+$O52*$P52-$S52*$T52)/($I52+$K52+$M52+$O52+$Q52+$I52-$S52)*$AH52+$AE52*$AF52)/($AH52+$AE52) -> 4.9239719
A54: =A52+1 -> 2020 | B54: 0 | C54: 9.8 | D54: =5/12*5 -> 2.0833333 | E54: =C54*D54 -> 20.416667 | F54: =D54*0.8 -> 1.6666667 | G54: =(C54*0.4*D54+G$41*0.6*F54) -> 19.866667 | H54: =(C54*0.4+H$41*0.6)*D54 -> 9.8666667 | I54: ='Modell During mining'!$G9/1000000*A$41 -> 0.94510667 | J54: 1 | K54: 0 | L54: 0.6 | M54: 0 | N54: 0.6 | O54: 1.26 | P54: 0.5 | Q54: 0 | R54: 0 | S54: 0.36 | T54: =AF54 -> 7.9310318 | U54: 25.21 | V54: 2.5 | W54: 21.42 | X54: 2.5 | Y54: 0.11 | Z54: 2.5 | AA54: 5.8 | AB54: 2.5 | AC54: 1.7 | AD54: 2.5 | AE54: 1.84 | AF54: =AI54 -> 7.9310318 | AG54: =S54+Y54+AA54+AC54 -> 7.97 | AH54: =I54+K54+M54+O54+Q54 -> 2.2051067 | AI54: =((B53+E53+I53*J53+K53*L53+M53*N53+O53*P53-S53*T53)/(I53+K53+M53+O53+Q53+I53-S53)*AH53+AE53*AF53)/(AH53+AE53) -> 7.9310318 | AJ54: =(($B53+$G53+$I53*$J53+$K53*$L53+$M53*$N53+$O53*$P53-$S53*$T53)/($I53+$K53+$M53+$O53+$Q53+$I53-$S53)*$AH53+$AE53*$AF53)/($AH53+$AE53) -> 7.8322203 | AK54: =(($B53+$H53+$I53*$J53+$K53*$L53+$M53*$N53+$O53*$P53-$S53*$T53)/($I53+$K53+$M53+$O53+$Q53+$I53-$S53)*$AH53+$AE53*$AF53)/($AH53+$AE53) -> 6.0356486
A55: =A54+0.5 -> 2020.5 | B55: 1 | C55: 9.8 | D55: =5.5/12*7 -> 3.2083333 | E55: =C55*D55 -> 31.441667 | F55: =D55*0.8 -> 2.5666667 | G55: =(C55*0.4*D55+G$41*0.6*F55) -> 30.594667 | H55: =(C55*0.4+H$41*0.6)*D55 -> 15.194667 | I55: ='Modell During mining'!$G10/1000000*A$40 -> 1.4332528 | J55: ='Modell During mining'!$D10 -> 13.572944 | K55: 0.95 | L55: 0.6 | M55: 0.31 | N55: 0.6 | O55: 1.26 | P55: 2 | Q55: 1.6 | R55: 0 | S55: 0.36 | T55: =AI54 -> 7.9310318 | U55: 25.21 | V55: =$AI54 -> 7.9310318 | W55: 21.42 | X55: =$AI54 -> 7.9310318 | Y55: 0.11 | Z55: =$AI54 -> 7.9310318 | AA55: 5.8 | AB55: =$AI54 -> 7.9310318 | AC55: 1.7 | AD55: =$AI54 -> 7.9310318 | AE55: 1.84 | AF55: =AI55 -> 7.3463483 | AG55: =S55+Y55+AA55+AC55 -> 7.97 | AH55: =I55+K55+M55+O55+Q55 -> 5.5532528 | AI55: =((B54+E54+I54*J54+K54*L54+M54*N54+O54*P54-S54*T54)/(I54+K54+M54+O54+Q54+I54-S54)*AH54+AE54*AF54)/(AH54+AE54) -> 7.3463483 | AJ55: =(($B54+$G54+$I54*$J54+$K54*$L54+$M54*$N54+$O54*$P54-$S54*$T54)/($I54+$K54+$M54+$O54+$Q54+$I54-$S54)*$AH54+$AE54*$AF54)/($AH54+$AE54) -> 7.2388937 | AK55: =(($B54+$H54+$I54*$J54+$K54*$L54+$M54*$N54+$O54*$P54-$S54*$T54)/($I54+$K54+$M54+$O54+$Q54+$I54-$S54)*$AH54+$AE54*$AF54)/($AH54+$AE54) -> 5.2851742
A56: =A54+1 -> 2021 | B56: 0 | C56: 9.8 | D56: =5/12*5 -> 2.0833333 | E56: =C56*D56 -> 20.416667 | F56: =D56*0.8 -> 1.6666667 | G56: =(C56*0.4*D56+G$41*0.6*F56) -> 19.866667 | H56: =(C56*0.4+H$41*0.6)*D56 -> 9.8666667 | I56: ='Modell During mining'!$G10/1000000*A$41 -> 1.023752 | J56: 1 | K56: 0 | L56: 0.6 | M56: 0 | N56: 0.6 | O56: 1.26 | P56: 0.5 | Q56: 0 | R56: 0 | S56: 0.36 | T56: =AF56 -> 7.7584192 | U56: 25.21 | V56: 2.5 | W56: 21.42 | X56: 2.5 | Y56: 0.11 | Z56: 2.5 | AA56: 5.8 | AB56: 2.5 | AC56: 1.7 | AD56: 2.5 | AE56: 1.84 | AF56: =AI56 -> 7.7584192 | AG56: =S56+Y56+AA56+AC56 -> 7.97 | AH56: =I56+K56+M56+O56+Q56 -> 2.283752 | AI56: =((B55+E55+I55*J55+K55*L55+M55*N55+O55*P55-S55*T55)/(I55+K55+M55+O55+Q55+I55-S55)*AH55+AE55*AF55)/(AH55+AE55) -> 7.7584192 | AJ56: =(($B55+$G55+$I55*$J55+$K55*$L55+$M55*$N55+$O55*$P55-$S55*$T55)/($I55+$K55+$M55+$O55+$Q55+$I55-$S55)*$AH55+$AE55*$AF55)/($AH55+$AE55) -> 7.6624105 | AK56: =(($B55+$H55+$I55*$J55+$K55*$L55+$M55*$N55+$O55*$P55-$S55*$T55)/($I55+$K55+$M55+$O55+$Q55+$I55-$S55)*$AH55+$AE55*$AF55)/($AH55+$AE55) -> 5.9167972
A57: =A56+0.5 -> 2021.5 | B57: 1 | C57: 9.8 | D57: =5.5/12*7 -> 3.2083333 | E57: =C57*D57 -> 31.441667 | F57: =D57*0.8 -> 2.5666667 | G57: =(C57*0.4*D57+G$41*0.6*F57) -> 30.594667 | H57: =(C57*0.4+H$41*0.6)*D57 -> 15.194667 | I57: ='Modell During mining'!$G11/1000000*A$40 -> 1.5433563 | J57: ='Modell During mining'!$D11 -> 12.667331 | K57: 0.95 | L57: 0.6 | M57: 0.31 | N57: 0.6 | O57: 1.26 | P57: 2 | Q57: 1.6 | R57: 0 | S57: 0.36 | T57: =AI56 -> 7.7584192 | U57: 25.21 | V57: =$AI56 -> 7.7584192 | W57: 21.42 | X57: =$AI56 -> 7.7584192 | Y57: 0.11 | Z57: =$AI56 -> 7.7584192 | AA57: 5.8 | AB57: =$AI56 -> 7.7584192 | AC57: 1.7 | AD57: =$AI56 -> 7.7584192 | AE57: 1.84 | AF57: =AI57 -> 7.083787 | AG57: =S57+Y57+AA57+AC57 -> 7.97 | AH57: =I57+K57+M57+O57+Q57 -> 5.6633563 | AI57: =((B56+E56+I56*J56+K56*L56+M56*N56+O56*P56-S56*T56)/(I56+K56+M56+O56+Q56+I56-S56)*AH56+AE56*AF56)/(AH56+AE56) -> 7.083787 | AJ57: =(($B56+$G56+$I56*$J56+$K56*$L56+$M56*$N56+$O56*$P56-$S56*$T56)/($I56+$K56+$M56+$O56+$Q56+$I56-$S56)*$AH56+$AE56*$AF56)/($AH56+$AE56) -> 6.9804479 | AK57: =(($B56+$H56+$I56*$J56+$K56*$L56+$M56*$N56+$O56*$P56-$S56*$T56)/($I56+$K56+$M56+$O56+$Q56+$I56-$S56)*$AH56+$AE56*$AF56)/($AH56+$AE56) -> 5.1015551
A58: =A56+1 -> 2022 | B58: 0 | C58: 9.8 | D58: =5/12*5 -> 2.0833333 | E58: =C58*D58 -> 20.416667 | F58: =D58*0.8 -> 1.6666667 | G58: =(C58*0.4*D58+G$41*0.6*F58) -> 19.866667 | H58: =(C58*0.4+H$41*0.6)*D58 -> 9.8666667 | I58: ='Modell During mining'!$G11/1000000*A$41 -> 1.1023973 | J58: 1 | K58: 0 | L58: 0.6 | M58: 0 | N58: 0.6 | O58: 1.26 | P58: 0.5 | Q58: 0 | R58: 0 | S58: 0.36 | T58: =AF58 -> 7.5218984 | U58: 25.21 | V58: 2.5 | W58: 21.42 | X58: 2.5 | Y58: 0.11 | Z58: 2.5 | AA58: 5.8 | AB58: 2.5 | AC58: 1.7 | AD58: 2.5 | AE58: 1.84 | AF58: =AI58 -> 7.5218984 | AG58: =S58+Y58+AA58+AC58 -> 7.97 | AH58: =I58+K58+M58+O58+Q58 -> 2.3623973 | AI58: =((B57+E57+I57*J57+K57*L57+M57*N57+O57*P57-S57*T57)/(I57+K57+M57+O57+Q57+I57-S57)*AH57+AE57*AF57)/(AH57+AE57) -> 7.5218984 | AJ58: =(($B57+$G57+$I57*$J57+$K57*$L57+$M57*$N57+$O57*$P57-$S57*$T57)/($I57+$K57+$M57+$O57+$Q57+$I57-$S57)*$AH57+$AE57*$AF57)/($AH57+$AE57) -> 7.4285257 | AK58: =(($B57+$H57+$I57*$J57+$K57*$L57+$M57*$N57+$O57*$P57-$S57*$T57)/($I57+$K57+$M57+$O57+$Q57+$I57-$S57)*$AH57+$AE57*$AF57)/($AH57+$AE57) -> 5.7308414
A59: =A58+0.5 -> 2022.5 | B59: 1 | C59: 9.8 | D59: =5.5/12*7 -> 3.2083333 | E59: =C59*D59 -> 31.441667 | F59: =D59*0.8 -> 2.5666667 | G59: =(C59*0.4*D59+G$41*0.6*F59) -> 30.594667 | H59: =(C59*0.4+H$41*0.6)*D59 -> 15.194667 | I59: ='Modell During mining'!$G12/1000000*A$40 -> 1.6534597 | J59: ='Modell During mining'!$D12 -> 11.882327 | K59: 0.95 | L59: 0.6 | M59: 0.31 | N59: 0.6 | O59: 1.26 | P59: 2 | Q59: 0.6 | R59: 0 | S59: 0.36 | T59: =AI58 -> 7.5218984 | U59: 25.21 | V59: =$AI58 -> 7.5218984 | W59: 21.42 | X59: =$AI58 -> 7.5218984 | Y59: 0.11 | Z59: =$AI58 -> 7.5218984 | AA59: 5.8 | AB59: =$AI58 -> 7.5218984 | AC59: 1.7 | AD59: =$AI58 -> 7.5218984 | AE59: 1.84 | AF59: =AI59 -> 6.8134516 | AG59: =S59+Y59+AA59+AC59 -> 7.97 | AH59: =I59+K59+M59+O59+Q59 -> 4.7734597 | AI59: =((B58+E58+I58*J58+K58*L58+M58*N58+O58*P58-S58*T58)/(I58+K58+M58+O58+Q58+I58-S58)*AH58+AE58*AF58)/(AH58+AE58) -> 6.8134516 | AJ59: =(($B58+$G58+$I58*$J58+$K58*$L58+$M58*$N58+$O58*$P58-$S58*$T58)/($I58+$K58+$M58+$O58+$Q58+$I58-$S58)*$AH58+$AE58*$AF58)/($AH58+$AE58) -> 6.7138685 | AK59: =(($B58+$H58+$I58*$J58+$K58*$L58+$M58*$N58+$O58*$P58-$S58*$T58)/($I58+$K58+$M58+$O58+$Q58+$I58-$S58)*$AH58+$AE58*$AF58)/($AH58+$AE58) -> 4.9032667
A60: =A58+1 -> 2023 | B60: 0 | C60: 9.8 | D60: =5/12*5 -> 2.0833333 | E60: =C60*D60 -> 20.416667 | F60: =D60*0.8 -> 1.6666667 | G60: =(C60*0.4*D60+G$41*0.6*F60) -> 19.866667 | H60: =(C60*0.4+H$41*0.6)*D60 -> 9.8666667 | I60: ='Modell During mining'!$G12/1000000*A$41 -> 1.1810427 | J60: 1 | K60: 0 | L60: 0.6 | M60: 0 | N60: 0.6 | O60: 1.26 | P60: 0.5 | Q60: 0 | R60: 0 | S60: 0.36 | T60: =AF60 -> 8.1601969 | U60: 25.21 | V60: 2.5 | W60: 21.42 | X60: 2.5 | Y60: 0.11 | Z60: 2.5 | AA60: 5.8 | AB60: 2.5 | AC60: 1.7 | AD60: 2.5 | AE60: 1.84 | AF60: =AI60 -> 8.1601969 | AG60: =S60+Y60+AA60+AC60 -> 7.97 | AH60: =I60+K60+M60+O60+Q60 -> 2.4410427 | AI60: =((B59+E59+I59*J59+K59*L59+M59*N59+O59*P59-S59*T59)/(I59+K59+M59+O59+Q59+I59-S59)*AH59+AE59*AF59)/(AH59+AE59) -> 8.1601969 | AJ60: =(($B59+$G59+$I59*$J59+$K59*$L59+$M59*$N59+$O59*$P59-$S59*$T59)/($I59+$K59+$M59+$O59+$Q59+$I59-$S59)*$AH59+$AE59*$AF59)/($AH59+$AE59) -> 8.0594295 | AK60: =(($B59+$H59+$I59*$J59+$K59*$L59+$M59*$N59+$O59*$P59-$S59*$T59)/($I59+$K59+$M59+$O59+$Q59+$I59-$S59)*$AH59+$AE59*$AF59)/($AH59+$AE59) -> 6.2272963
A61: =A60+0.5 -> 2023.5 | B61: 1 | C61: 9.8 | D61: =5.5/12*7 -> 3.2083333 | E61: =C61*D61 -> 31.441667 | F61: =D61*0.8 -> 2.5666667 | G61: =(C61*0.4*D61+G$41*0.6*F61) -> 30.594667 | H61: =(C61*0.4+H$41*0.6)*D61 -> 15.194667 | I61: ='Modell During mining'!$G13/1000000*A$40 -> 1.7635632 | J61: ='Modell During mining'!$D13 -> 11.195343 | K61: 0.95 | L61: 0.6 | M61: 0.31 | N61: 0.6 | O61: 1.26 | P61: 2 | Q61: 1.6 | R61: 0 | S61: 0.36 | T61: =AI60 -> 8.1601969 | U61: 25.21 | V61: =$AI60 -> 8.1601969 | W61: 21.42 | X61: =$AI60 -> 8.1601969 | Y61: 0.11 | Z61: =$AI60 -> 8.1601969 | AA61: 5.8 | AB61: =$AI60 -> 8.1601969 | AC61: 1.7 | AD61: =$AI60 -> 8.1601969 | AE61: 1.84 | AF61: =AI61 -> 6.8790814 | AG61: =S61+Y61+AA61+AC61 -> 7.97 | AH61: =I61+K61+M61+O61+Q61 -> 5.8835632 | AI61: =((B60+E60+I60*J60+K60*L60+M60*N60+O60*P60-S60*T60)/(I60+K60+M60+O60+Q60+I60-S60)*AH60+AE60*AF60)/(AH60+AE60) -> 6.8790814 | AJ61: =(($B60+$G60+$I60*$J60+$K60*$L60+$M60*$N60+$O60*$P60-$S60*$T60)/($I60+$K60+$M60+$O60+$Q60+$I60-$S60)*$AH60+$AE60*$AF60)/($AH60+$AE60) -> 6.7829439 | AK61: =(($B60+$H60+$I60*$J60+$K60*$L60+$M60*$N60+$O60*$P60-$S60*$T60)/($I60+$K60+$M60+$O60+$Q60+$I60-$S60)*$AH60+$AE60*$AF60)/($AH60+$AE60) -> 5.0349879
A62: =A60+1 -> 2024 | B62: 0 | C62: 9.8 | D62: =5/12*5 -> 2.0833333 | E62: =C62*D62 -> 20.416667 | F62: =D62*0.8 -> 1.6666667 | G62: =(C62*0.4*D62+G$41*0.6*F62) -> 19.866667 | H62: =(C62*0.4+H$41*0.6)*D62 -> 9.8666667 | I62: ='Modell During mining'!$G13/1000000*A$41 -> 1.259688 | J62: 1 | K62: 0 | L62: 0.6 | M62: 0 | N62: 0.6 | O62: 1.26 | P62: 0.5 | Q62: 0 | R62: 0 | S62: 0.36 | T62: =AF62 -> 7.1294407 | U62: 25.21 | V62: 2.5 | W62: 21.42 | X62: 2.5 | Y62: 0.11 | Z62: 2.5 | AA62: 5.8 | AB62: 2.5 | AC62: 1.7 | AD62: 2.5 | AE62: 1.84 | AF62: =AI62 -> 7.1294407 | AG62: =S62+Y62+AA62+AC62 -> 7.97 | AH62: =I62+K62+M62+O62+Q62 -> 2.519688 | AI62: =((B61+E61+I61*J61+K61*L61+M61*N61+O61*P61-S61*T61)/(I61+K61+M61+O61+Q61+I61-S61)*AH61+AE61*AF61)/(AH61+AE61) -> 7.1294407 | AJ62: =(($B61+$G61+$I61*$J61+$K61*$L61+$M61*$N61+$O61*$P61-$S61*$T61)/($I61+$K61+$M61+$O61+$Q61+$I61-$S61)*$AH61+$AE61*$AF61)/($AH61+$AE61) -> 7.0408986 | AK62: =(($B61+$H61+$I61*$J61+$K61*$L61+$M61*$N61+$O61*$P61-$S61*$T61)/($I61+$K61+$M61+$O61+$Q61+$I61-$S61)*$AH61+$AE61*$AF61)/($AH61+$AE61) -> 5.4310422
A63: =A62+0.5 -> 2024.5 | B63: 1 | C63: 9.8 | D63: =5.5/12*7 -> 3.2083333 | E63: =C63*D63 -> 31.441667 | F63: =D63*0.8 -> 2.5666667 | G63: =(C63*0.4*D63+G$41*0.6*F63) -> 30.594667 | H63: =(C63*0.4+H$41*0.6)*D63 -> 15.194667 | I63: ='Modell During mining'!$G14/1000000*A$40 -> 1.8736667 | J63: ='Modell During mining'!$D14 -> 10.589098 | K63: 0.95 | L63: 0.6 | M63: 0.31 | N63: 0.6 | O63: 1.26 | P63: 2 | Q63: 1.6 | R63: 0 | S63: 0.36 | T63: =AI62 -> 7.1294407 | U63: 25.21 | V63: =$AI62 -> 7.1294407 | W63: 21.42 | X63: =$AI62 -> 7.1294407 | Y63: 0.11 | Z63: =$AI62 -> 7.1294407 | AA63: 5.8 | AB63: =$AI62 -> 7.1294407 | AC63: 1.7 | AD63: =$AI62 -> 7.1294407 | AE63: 1.84 | AF63: =AI63 -> 6.3454328 | AG63: =S63+Y63+AA63+AC63 -> 7.97 | AH63: =I63+K63+M63+O63+Q63 -> 5.9936667 | AI63: =((B62+E62+I62*J62+K62*L62+M62*N62+O62*P62-S62*T62)/(I62+K62+M62+O62+Q62+I62-S62)*AH62+AE62*AF62)/(AH62+AE62) -> 6.3454328 | AJ63: =(($B62+$G62+$I62*$J62+$K62*$L62+$M62*$N62+$O62*$P62-$S62*$T62)/($I62+$K62+$M62+$O62+$Q62+$I62-$S62)*$AH62+$AE62*$AF62)/($AH62+$AE62) -> 6.2524705 | AK63: =(($B62+$H62+$I62*$J62+$K62*$L62+$M62*$N62+$O62*$P62-$S62*$T62)/($I62+$K62+$M62+$O62+$Q62+$I62-$S62)*$AH62+$AE62*$AF62)/($AH62+$AE62) -> 4.5622456
A64: =A62+1 -> 2025 | B64: 0 | C64: 9.8 | D64: =5/12*5 -> 2.0833333 | E64: =C64*D64 -> 20.416667 | F64: =D64*0.8 -> 1.6666667 | G64: =(C64*0.4*D64+G$41*0.6*F64) -> 19.866667 | H64: =(C64*0.4+H$41*0.6)*D64 -> 9.8666667 | I64: ='Modell During mining'!$G14/1000000*A$41 -> 1.3383333 | J64: 1 | K64: 0 | L64: 0.6 | M64: 0 | N64: 0.6 | O64: 1.26 | P64: 0.5 | Q64: 0 | R64: 0 | S64: 0.36 | T64: =AF64 -> 6.8911136 | U64: 25.21 | V64: 2.5 | W64: 21.42 | X64: 2.5 | Y64: 0.11 | Z64: 2.5 | AA64: 5.8 | AB64: 2.5 | AC64: 1.7 | AD64: 2.5 | AE64: 1.84 | AF64: =AI64 -> 6.8911136 | AG64: =S64+Y64+AA64+AC64 -> 7.97 | AH64: =I64+K64+M64+O64+Q64 -> 2.5983333 | AI64: =((B63+E63+I63*J63+K63*L63+M63*N63+O63*P63-S63*T63)/(I63+K63+M63+O63+Q63+I63-S63)*AH63+AE63*AF63)/(AH63+AE63) -> 6.8911136 | AJ64: =(($B63+$G63+$I63*$J63+$K63*$L63+$M63*$N63+$O63*$P63-$S63*$T63)/($I63+$K63+$M63+$O63+$Q63+$I63-$S63)*$AH63+$AE63*$AF63)/($AH63+$AE63) -> 6.8047909 | AK64: =(($B63+$H63+$I63*$J63+$K63*$L63+$M63*$N63+$O63*$P63-$S63*$T63)/($I63+$K63+$M63+$O63+$Q63+$I63-$S63)*$AH63+$AE63*$AF63)/($AH63+$AE63) -> 5.2352865
A65: =A64+0.5 -> 2025.5 | B65: 1 | C65: 9.8 | D65: =5.5/12*7 -> 3.2083333 | E65: =C65*D65 -> 31.441667 | F65: =D65*0.8 -> 2.5666667 | G65: =(C65*0.4*D65+G$41*0.6*F65) -> 30.594667 | H65: =(C65*0.4+H$41*0.6)*D65 -> 15.194667 | I65: ='Modell During mining'!$G15/1000000*A40 -> 1.9837701 | J65: ='Modell During mining'!$D15 -> 10.050148 | K65: 0.95 | L65: 0.6 | M65: 0.31 | N65: 0.6 | O65: 1.26 | P65: 2 | Q65: 1.6 | R65: 0 | S65: 0.36 | T65: =AI64 -> 6.8911136 | U65: 25.21 | V65: =$AI64 -> 6.8911136 | W65: 21.42 | X65: =$AI64 -> 6.8911136 | Y65: 0.11 | Z65: =$AI64 -> 6.8911136 | AA65: 5.8 | AB65: =$AI64 -> 6.8911136 | AC65: 1.7 | AD65: =$AI64 -> 6.8911136 | AE65: 1.84 | AF65: =AI65 -> 6.114775 | AG65: =S65+Y65+AA65+AC65 -> 7.97 | AH65: =I65+K65+M65+O65+Q65 -> 6.1037701 | AI65: =((B64+E64+I64*J64+K64*L64+M64*N64+O64*P64-S64*T64)/(I64+K64+M64+O64+Q64+I64-S64)*AH64+AE64*AF64)/(AH64+AE64) -> 6.114775 | AJ65: =(($B64+$G64+$I64*$J64+$K64*$L64+$M64*$N64+$O64*$P64-$S64*$T64)/($I64+$K64+$M64+$O64+$Q64+$I64-$S64)*$AH64+$AE64*$AF64)/($AH64+$AE64) -> 6.0247508 | AK65: =(($B64+$H64+$I64*$J64+$K64*$L64+$M64*$N64+$O64*$P64-$S64*$T64)/($I64+$K64+$M64+$O64+$Q64+$I64-$S64)*$AH64+$AE64*$AF64)/($AH64+$AE64) -> 4.3879476
A66: =A64+1 -> 2026 | B66: 0 | C66: 9.8 | D66: =5/12*5 -> 2.0833333 | E66: =C66*D66 -> 20.416667 | F66: =D66*0.8 -> 1.6666667 | G66: =(C66*0.4*D66+G$41*0.6*F66) -> 19.866667 | H66: =(C66*0.4+H$41*0.6)*D66 -> 9.8666667 | I66: ='Modell During mining'!$G15/1000000*A41 -> 1.4169787 | J66: 1 | K66: 0 | L66: 0.6 | M66: 0 | N66: 0.6 | O66: 1.26 | P66: 0.5 | Q66: 0 | R66: 0 | S66: 0.36 | T66: =AF66 -> 6.7036048 | U66: 25.21 | V66: 2.5 | W66: 21.42 | X66: 2.5 | Y66: 0.11 | Z66: 2.5 | AA66: 5.8 | AB66: 2.5 | AC66: 1.7 | AD66: 2.5 | AE66: 1.84 | AF66: =AI66 -> 6.7036048 | AG66: =S66+Y66+AA66+AC66 -> 7.97 | AH66: =I66+K66+M66+O66+Q66 -> 2.6769787 | AI66: =((B65+E65+I65*J65+K65*L65+M65*N65+O65*P65-S65*T65)/(I65+K65+M65+O65+Q65+I65-S65)*AH65+AE65*AF65)/(AH65+AE65) -> 6.7036048 | AJ66: =(($B65+$G65+$I65*$J65+$K65*$L65+$M65*$N65+$O65*$P65-$S65*$T65)/($I65+$K65+$M65+$O65+$Q65+$I65-$S65)*$AH65+$AE65*$AF65)/($AH65+$AE65) -> 6.6193851 | AK66: =(($B65+$H65+$I65*$J65+$K65*$L65+$M65*$N65+$O65*$P65-$S65*$T65)/($I65+$K65+$M65+$O65+$Q65+$I65-$S65)*$AH65+$AE65*$AF65)/($AH65+$AE65) -> 5.0881181
A67: =A66+0.5 -> 2026.5 | B67: 1 | C67: 9.8 | D67: =5.5/12*7 -> 3.2083333 | E67: =C67*D67 -> 31.441667 | F67: =D67*0.8 -> 2.5666667 | G67: =(C67*0.4*D67+G$41*0.6*F67) -> 30.594667 | H67: =(C67*0.4+H$41*0.6)*D67 -> 15.194667 | I67: ='Modell During mining'!$G16/1000000*A40 -> 2.0938736 | J67: ='Modell During mining'!$D16 -> 9.5678788 | K67: 0.95 | L67: 0.6 | M67: 0.31 | N67: 0.6 | O67: 1.26 | P67: 2 | Q67: 1.6 | R67: 0 | S67: 0.36 | T67: =AI66 -> 6.7036048 | U67: 25.21 | V67: =$AI66 -> 6.7036048 | W67: 21.42 | X67: =$AI66 -> 6.7036048 | Y67: 0.11 | Z67: =$AI66 -> 6.7036048 | AA67: 5.8 | AB67: =$AI66 -> 6.7036048 | AC67: 1.7 | AD67: =$AI66 -> 6.7036048 | AE67: 1.84 | AF67: =AI67 -> 5.9130873 | AG67: =S67+Y67+AA67+AC67 -> 7.97 | AH67: =I67+K67+M67+O67+Q67 -> 6.2138736 | AI67: =((B66+E66+I66*J66+K66*L66+M66*N66+O66*P66-S66*T66)/(I66+K66+M66+O66+Q66+I66-S66)*AH66+AE66*AF66)/(AH66+AE66) -> 5.9130873 | AJ67: =(($B66+$G66+$I66*$J66+$K66*$L66+$M66*$N66+$O66*$P66-$S66*$T66)/($I66+$K66+$M66+$O66+$Q66+$I66-$S66)*$AH66+$AE66*$AF66)/($AH66+$AE66) -> 5.8257921 | AK67: =(($B66+$H66+$I66*$J66+$K66*$L66+$M66*$N66+$O66*$P66-$S66*$T66)/($I66+$K66+$M66+$O66+$Q66+$I66-$S66)*$AH66+$AE66*$AF66)/($AH66+$AE66) -> 4.2386072
A68: =A66+1 -> 2027 | B68: 0 | C68: 9.8 | D68: =5/12*5 -> 2.0833333 | E68: =C68*D68 -> 20.416667 | F68: =D68*0.8 -> 1.6666667 | G68: =(C68*0.4*D68+G$41*0.6*F68) -> 19.866667 | H68: =(C68*0.4+H$41*0.6)*D68 -> 9.8666667 | I68: ='Modell During mining'!$G16/1000000*A41 -> 1.495624 | J68: 1 | K68: 0 | L68: 0.6 | M68: 0 | N68: 0.6 | O68: 1.26 | P68: 0.5 | Q68: 0 | R68: 0 | S68: 0.36 | T68: =AF68 -> 6.5288015 | U68: 25.21 | V68: 2.5 | W68: 21.42 | X68: 2.5 | Y68: 0.11 | Z68: 2.5 | AA68: 5.8 | AB68: 2.5 | AC68: 1.7 | AD68: 2.5 | AE68: 1.84 | AF68: =AI68 -> 6.5288015 | AG68: =S68+Y68+AA68+AC68 -> 7.97 | AH68: =I68+K68+M68+O68+Q68 -> 2.755624 | AI68: =((B67+E67+I67*J67+K67*L67+M67*N67+O67*P67-S67*T67)/(I67+K67+M67+O67+Q67+I67-S67)*AH67+AE67*AF67)/(AH67+AE67) -> 6.5288015 | AJ68: =(($B67+$G67+$I67*$J67+$K67*$L67+$M67*$N67+$O67*$P67-$S67*$T67)/($I67+$K67+$M67+$O67+$Q67+$I67-$S67)*$AH67+$AE67*$AF67)/($AH67+$AE67) -> 6.4465778 | AK68: =(($B67+$H67+$I67*$J67+$K67*$L67+$M67*$N67+$O67*$P67-$S67*$T67)/($I67+$K67+$M67+$O67+$Q67+$I67-$S67)*$AH67+$AE67*$AF67)/($AH67+$AE67) -> 4.9516016
